site_code,latitude,longitude,site_name,survey_date,depth,protection_status,Brachyistius_frenatus,Crassadoma_gigantea,Cymatogaster_aggregata,Dermasterias_imbricata,Evasterias_troschelii,Hemilepidotus_hemilepidotus,Hexagrammos,Hexagrammos_decagrammus,Hexagrammos_stelleri,Orthasterias_koehleri,Patiria_miniata,Pholis_gunnellus,Pholis_laeta,Pomaulax_gibberosus,Porichthys_notatus,Pugettia_producta,Pycnopodia_helianthoides,Rhinogobiops_nicholsii,Sebastes_caurinus,Sebastes_melanops,Artedius_harringtoni,Artedius_lateralis,Ceratostoma_foliatum,Haliotis_kamtschatkana,Henricia_spp.,Pentidotea_resecata,Pisaster_ochraceus,Pteraster_tesselatus,Rhacochilus_vacca,Sebastes_maliger,Acmaea_mitra,Apostichopus_californicus,Cancer_productus,Henricia_leviuscula,Mesocentrotus_franciscanus,Strongylocentrotus_purpuratus,Decapoda_spp.,Diaulula_odonoghuei,Montereina_nobilis,Neverita_lewisii,Triopha_modesta,Diodora_aspera,Scyra_acutifrons,Strongylocentrotus_droebachiensis,Stylasterias_forreri,Antiopella_fusca,Echidnocerus_cibarius,Henricia_pumila,Hermissenda_crassicornis,Jordania_zonope,Ophiodon_elongatus,Solaster_dawsoni,Acanthodoris_hudsoni,Calliostoma_ligatum,Chorilia_longipes,Dirona_albolineata,Oregonia_gracilis,Pagurus_hemphilli,Doris_montereyensis,Doris_odhneri,Megathura_crenulata,Dendronotus_albus,Glebocarcinus_oregonensis,Lophopanopeus_bellus,Pagurus_beringanus,Pugettia_richii,Cadlina_luteomarginata,Enteroctopus_dofleini,Geitodoris_heathi,Pachycheles_pubescens,Rostanga_pulchra,Diaulula_sandiegensis,Pholis,Romaleon_antennarium,Sebastes_spp.,Apodichthys_flavidus,Aulorhynchus_flavidus,Bolinopsis_infundibulum,Pugettia_gracilis,Oxylebius_pictus,Sebastes_flavidus,Chlamys_hastata,Dendronotus_iris,Mimulus_foliatus,Anarrhichthys_ocellatus,Tritonia_festiva,Embiotoca_lateralis,Mediaster_aequalis,Mitrocoma_cellularia,Nucella_lamellosa,Polycera_tricolor,Pandalus_danae,NA,Boreoberthella_chacei,Triopha_catalinae,Chlamys,Pleuronichthys_coenosus,Coryphella_verrucosa,Limacia_cockerelli,Lopholithodes_mandtii,Chirolophis_nugator,Zalophus_californianus,Pagurus_caurinus,Rhinolithodes_wosnessenskii,Lottia_scutum,Onchidoris_bilamellata,Asemichthys_taylori,Enophrys_bison,Aequorea_victoria,Chlamys_rubida,Cryptolithodes_typicus,Discorsopagurus_schmitti,Hemilepidotus_spinosus,Scorpaenichthys_marmoratus,Pugettia_foliata,Cadlina,Hapalogaster_mertensii,Heptacarpus_stylus,Pachycheles_rudis,Synchirus_gilli,Polyorchis_penicillatus,Hemilepidotus,Dirona_pellucida,Gobiesox_maeandricus,Pachycheles,Cadlina_modesta,Sebastes_nebulosus,Coryphella_trilineata,Cottid_spp.,Phoca_vitulina,Orthonopias_triacis,Actinopterygii_spp.,Leptasterias,Pleurobrachia_bachei,Clinocottus_acuticeps,Cryptonatica_aleutica,Oligocottus_maculosus,Pholis_ornata,Petrolisthes_eriomerus,Pholis_clemensi,Pandalus_gurneyi,Sebastes_pinniger,Pachythyone_rubra,Citharichthys_stigmaeus,Triopha_spp.,Scyra,Armina_californica,Cadlina_sylviaearleae,Eurylepta_leoparda,Malacostraca_spp.,Pandalus,Pisaster_brevispinus,Aldisa,Coryphella_trophina,Solaster_stimpsoni,Aglaja_ocelligera,Leptasterias_hexactis,Liparis_florae,Acanthodoris_nanaimoensis,Gibbonsia_metzi,Anoplarchus,Lottia,Myoxocephalus_aenaeus,Amphissa_columbiana,Artedius_fenestralis,Elassochirus_tenuimanus,Opalia_wroblewskyi,Tegula_funebralis,Rhamphocottus_richardsonii,Ascelichthys_rhodorus,Myoxocephalus_polyacanthocephalus,Aurelia_aurita,Eupentacta_quinquesemita,Paguristes_ulreyi,total_urchins,total_fish,total_rockfish,total_mesograzers,mesograzers_w_o_urchins,total_nudibranchs,year,region,kelp,kelp_pa,openness,norm_openness,mean_rec_boat_counts_1km,mean_rec_boat_counts_1.5km,mean_rec_boat_counts_2km,easting,northing,easting_km,northing_km
BMSC1,48.82894897,-125.1975708,Dodger Channel,2021-04-26,5.5,unprotected,0,2,0,9,0,0,0,1,0,10,6,0,0,196,0,1,5,2,0,0,1,0,16,8,0,0,1,0,0,0,17,26,1,8,308,1,0,0,0,0,0,0,0,0,0,0,0,0,0,0,0,0,0,0,0,0,0,0,0,0,0,0,0,0,0,0,0,0,0,0,0,0,0,0,0,0,0,0,0,0,0,0,0,0,0,0,0,0,0,0,0,0,0,0,0,0,0,0,0,0,0,0,0,0,0,0,0,0,0,0,0,0,0,0,0,0,0,0,0,0,0,0,0,0,0,0,0,0,0,0,0,0,0,0,0,0,0,0,0,0,0,0,0,0,0,0,0,0,0,0,0,0,0,0,0,0,0,0,0,0,0,0,0,0,0,0,0,0,0,0,0,0,0,0,309,6,0,531,222,0,2021,Deer group/Bamfield,Understory,Present,1989438.4648442953,0.48888538401635445,0.6666666666666666,1.3333333333333333,2.3333333333333335,338719.6548564654,5410769.8731048275,338.7196548564654,5410.769873104828
BMSC1,48.82894897,-125.1975708,Dodger Channel,2021-04-26,6.5,unprotected,0,1,0,10,1,0,0,9,0,7,4,0,0,53,0,1,4,1,0,0,0,0,8,7,0,0,0,0,0,0,21,26,0,5,239,0,1,2,1,1,2,0,0,0,0,0,0,0,0,0,0,0,0,0,0,0,0,0,0,0,0,0,0,0,0,0,0,0,0,0,0,0,0,0,0,0,0,0,0,0,0,0,0,0,0,0,0,0,0,0,0,0,0,0,0,0,0,0,0,0,0,0,0,0,0,0,0,0,0,0,0,0,0,0,0,0,0,0,0,0,0,0,0,0,0,0,0,0,0,0,0,0,0,0,0,0,0,0,0,0,0,0,0,0,0,0,0,0,0,0,0,0,0,0,0,0,0,0,0,0,0,0,0,0,0,0,0,0,0,0,0,0,0,0,239,11,0,321,82,5,2021,Deer group/Bamfield,Understory,Present,1989438.4648442953,0.48888538401635445,0.6666666666666666,1.3333333333333333,2.3333333333333335,338719.6548564654,5410769.8731048275,338.7196548564654,5410.769873104828
BMSC1,48.82894897,-125.1975708,Dodger Channel,2022-05-04,4.7,unprotected,0,6,0,3,1,0,0,16,0,3,10,0,0,163,0,0,0,2,0,0,5,0,54,4,1,0,0,0,0,0,57,4,3,0,158,0,13,0,0,0,0,1,3,1,14,0,0,0,0,0,0,0,0,0,0,0,0,0,0,0,0,0,0,0,0,0,0,0,0,0,0,0,0,0,0,0,0,0,0,0,0,0,0,0,0,0,0,0,0,0,0,0,0,0,0,0,0,0,0,0,0,0,0,0,0,0,0,0,0,0,0,0,0,0,0,0,0,0,0,0,0,0,0,0,0,0,0,0,0,0,0,0,0,0,0,0,0,0,0,0,0,0,0,0,0,0,0,0,0,0,0,0,0,0,0,0,0,0,0,0,0,0,0,0,0,0,0,0,0,0,0,0,0,0,159,25,0,384,225,0,2022,Deer group/Bamfield,Understory,Present,1989438.4648442953,0.48888538401635445,0.6666666666666666,1.3333333333333333,2.3333333333333335,338719.6548564654,5410769.8731048275,338.7196548564654,5410.769873104828
BMSC1,48.82894897,-125.1975708,Dodger Channel,2022-05-04,5.5,unprotected,0,6,0,5,1,0,0,10,0,15,44,0,0,296,0,0,2,6,0,1,4,0,22,12,1,0,0,0,0,0,65,13,0,0,255,0,8,0,3,0,0,1,0,1,13,1,1,5,6,1,1,1,0,0,0,0,0,0,0,0,0,0,0,0,0,0,0,0,0,0,0,0,0,0,0,0,0,0,0,0,0,0,0,0,0,0,0,0,0,0,0,0,0,0,0,0,0,0,0,0,0,0,0,0,0,0,0,0,0,0,0,0,0,0,0,0,0,0,0,0,0,0,0,0,0,0,0,0,0,0,0,0,0,0,0,0,0,0,0,0,0,0,0,0,0,0,0,0,0,0,0,0,0,0,0,0,0,0,0,0,0,0,0,0,0,0,0,0,0,0,0,0,0,0,256,29,1,630,374,10,2022,Deer group/Bamfield,Understory,Present,1989438.4648442953,0.48888538401635445,0.6666666666666666,1.3333333333333333,2.3333333333333335,338719.6548564654,5410769.8731048275,338.7196548564654,5410.769873104828
BMSC1,48.82894897,-125.1975708,Dodger Channel,2023-05-15,5.5,unprotected,2,0,0,9,4,0,0,5,0,6,3,0,0,134,0,0,11,3,0,0,15,0,12,18,1,0,6,0,0,0,50,10,1,0,405,1,19,0,0,0,1,2,1,0,3,0,0,0,27,1,0,0,2,2,1,1,2,6,0,0,0,0,0,0,0,0,0,0,0,0,0,0,0,0,0,0,0,0,0,0,0,0,0,0,0,0,0,0,0,0,0,0,0,0,0,0,0,0,0,0,0,0,0,0,0,0,0,0,0,0,0,0,0,0,0,0,0,0,0,0,0,0,0,0,0,0,0,0,0,0,0,0,0,0,0,0,0,0,0,0,0,0,0,0,0,0,0,0,0,0,0,0,0,0,0,0,0,0,0,0,0,0,0,0,0,0,0,0,0,0,0,0,0,0,406,29,0,618,212,31,2023,Deer group/Bamfield,Understory,Present,1989438.4648442953,0.48888538401635445,0.6666666666666666,1.3333333333333333,2.3333333333333335,338719.6548564654,5410769.8731048275,338.7196548564654,5410.769873104828
BMSC1,48.82894897,-125.1975708,Dodger Channel,2023-05-15,8,unprotected,0,2,0,10,13,0,0,5,0,15,56,0,0,118,0,0,7,2,1,0,9,0,28,17,2,0,0,0,0,0,47,11,0,4,236,0,17,0,0,0,0,0,1,1,12,0,0,0,29,0,0,0,0,0,0,3,0,0,1,1,1,0,0,0,0,0,0,0,0,0,0,0,0,0,0,0,0,0,0,0,0,0,0,0,0,0,0,0,0,0,0,0,0,0,0,0,0,0,0,0,0,0,0,0,0,0,0,0,0,0,0,0,0,0,0,0,0,0,0,0,0,0,0,0,0,0,0,0,0,0,0,0,0,0,0,0,0,0,0,0,0,0,0,0,0,0,0,0,0,0,0,0,0,0,0,0,0,0,0,0,0,0,0,0,0,0,0,0,0,0,0,0,0,0,237,19,1,420,183,34,2023,Deer group/Bamfield,Understory,Present,1989438.4648442953,0.48888538401635445,0.6666666666666666,1.3333333333333333,2.3333333333333335,338719.6548564654,5410769.8731048275,338.7196548564654,5410.769873104828
BMSC1,48.82894897,-125.1975708,Dodger Channel,2024-04-25,5,unprotected,0,3,0,14,3,0,2,5,0,5,2,0,0,274,0,3,2,4,0,0,1,0,27,30,7,0,16,0,0,0,17,5,1,0,452,6,0,0,0,0,0,0,0,0,7,0,0,0,61,0,1,0,0,0,0,0,1,18,0,0,0,2,9,3,1,1,0,0,0,0,0,0,0,0,0,0,0,0,0,0,0,0,0,0,0,0,0,0,0,0,0,0,0,0,0,0,0,0,0,0,0,0,0,0,0,0,0,0,0,0,0,0,0,0,0,0,0,0,0,0,0,0,0,0,0,0,0,0,0,0,0,0,0,0,0,0,0,0,0,0,0,0,0,0,0,0,0,0,0,0,0,0,0,0,0,0,0,0,0,0,0,0,0,0,0,0,0,0,0,0,0,0,0,0,458,17,0,801,343,63,2024,Deer group/Bamfield,Understory,Present,1989438.4648442953,0.48888538401635445,0.6666666666666666,1.3333333333333333,2.3333333333333335,338719.6548564654,5410769.8731048275,338.7196548564654,5410.769873104828
BMSC1,48.82894897,-125.1975708,Dodger Channel,2024-04-25,6.5,unprotected,0,3,0,24,3,1,0,3,0,5,8,0,0,260,0,1,1,4,0,1,3,0,112,23,4,0,15,0,0,0,47,7,0,0,264,0,0,0,0,0,0,0,5,0,3,0,0,0,34,0,0,0,0,0,0,0,0,59,0,0,0,0,5,0,1,0,1,1,1,1,1,0,0,0,0,0,0,0,0,0,0,0,0,0,0,0,0,0,0,0,0,0,0,0,0,0,0,0,0,0,0,0,0,0,0,0,0,0,0,0,0,0,0,0,0,0,0,0,0,0,0,0,0,0,0,0,0,0,0,0,0,0,0,0,0,0,0,0,0,0,0,0,0,0,0,0,0,0,0,0,0,0,0,0,0,0,0,0,0,0,0,0,0,0,0,0,0,0,0,0,0,0,0,0,264,16,1,654,390,37,2024,Deer group/Bamfield,Understory,Present,1989438.4648442953,0.48888538401635445,0.6666666666666666,1.3333333333333333,2.3333333333333335,338719.6548564654,5410769.8731048275,338.7196548564654,5410.769873104828
BMSC10,48.87051773,-125.160347,Ross Islets Slug Island,2021-04-30,4,unprotected,0,3,0,20,13,0,0,15,0,3,72,0,0,4,0,0,0,114,3,0,0,0,4,1,0,0,1,0,0,0,4,96,2,2,362,0,0,0,0,0,0,3,1,0,0,0,0,1,0,0,0,0,0,0,0,0,1,0,1,0,0,0,0,0,0,0,0,0,0,0,0,1,1,1,21,0,0,0,0,0,0,0,0,0,0,0,0,0,0,0,0,0,0,0,0,0,0,0,0,0,0,0,0,0,0,0,0,0,0,0,0,0,0,0,0,0,0,0,0,0,0,0,0,0,0,0,0,0,0,0,0,0,0,0,0,0,0,0,0,0,0,0,0,0,0,0,0,0,0,0,0,0,0,0,0,0,0,0,0,0,0,0,0,0,0,0,0,0,0,0,0,0,0,0,362,268,24,374,12,2,2021,Deer group/Bamfield,Prior forest,Absent,51190.227129017985,0.012579506373328844,3.3333333333333335,20,97.33333333333333,341582.5908069239,5415312.078675037,341.5825908069239,5415.312078675037
BMSC10,48.87051773,-125.160347,Ross Islets Slug Island,2022-05-05,5,unprotected,0,17,0,11,3,0,0,23,0,28,121,0,3,2,0,0,0,115,0,0,0,0,8,35,5,0,0,0,0,0,10,84,0,0,355,0,0,0,0,0,0,37,6,0,1,0,0,1,0,0,0,0,0,0,0,0,0,0,0,0,0,0,0,0,0,2,0,0,0,0,0,5,1,0,0,0,0,0,0,0,0,0,0,0,0,0,0,0,0,0,0,0,0,0,0,0,0,0,0,0,0,0,0,0,0,0,0,0,0,0,0,0,0,0,0,0,0,0,0,0,0,0,0,0,0,0,0,0,0,0,0,0,0,0,0,0,0,0,0,0,0,0,0,0,0,0,0,0,0,0,0,0,0,0,0,0,0,0,0,0,0,0,0,0,0,0,0,0,0,0,0,0,0,0,355,257,0,441,86,5,2022,Deer group/Bamfield,Prior forest,Absent,51190.227129017985,0.012579506373328844,3.3333333333333335,20,97.33333333333333,341582.5908069239,5415312.078675037,341.5825908069239,5415.312078675037
BMSC10,48.87051773,-125.160347,Ross Islets Slug Island,2023-05-09,4,unprotected,10,4,23,12,4,0,0,6,0,16,70,0,1,11,0,2,18,154,2,3,0,0,10,8,0,0,3,0,1,0,5,106,0,0,201,0,0,0,0,0,0,7,5,1,0,0,0,0,0,1,0,0,0,0,0,0,0,0,0,0,0,0,0,0,0,1,0,0,0,0,0,0,0,0,12,1,80,9,3,0,0,0,0,0,0,0,0,0,0,0,0,0,0,0,0,0,0,0,0,0,0,0,0,0,0,0,0,0,0,0,0,0,0,0,0,0,0,0,0,0,0,0,0,0,0,0,0,0,0,0,0,0,0,0,0,0,0,0,0,0,0,0,0,0,0,0,0,0,0,0,0,0,0,0,0,0,0,0,0,0,0,0,0,0,0,0,0,0,0,0,0,0,0,0,202,448,17,239,37,0,2023,Deer group/Bamfield,Prior forest,Absent,51190.227129017985,0.012579506373328844,3.3333333333333335,20,97.33333333333333,341582.5908069239,5415312.078675037,341.5825908069239,5415.312078675037
BMSC10,48.87051773,-125.160347,Ross Islets Slug Island,2023-06-14,2.7,unprotected,3,4,4,14,6,0,0,12,0,8,92,0,1,41,0,0,3,99,7,2,0,0,6,47,1,0,1,0,3,0,0,27,1,0,126,4,0,0,0,0,0,18,0,1,0,0,0,0,0,1,0,0,0,0,0,0,6,0,0,0,0,0,0,0,0,0,0,0,0,0,0,0,0,0,0,2,0,0,7,4,1,0,0,0,0,0,0,0,0,0,0,0,0,0,0,0,0,0,0,0,0,0,0,0,0,0,0,0,0,0,0,0,0,0,0,0,0,0,0,0,0,0,0,0,0,0,0,0,0,0,0,0,0,0,0,0,0,0,0,0,0,0,0,0,0,0,0,0,0,0,0,0,0,0,0,0,0,0,0,0,0,0,0,0,0,0,0,0,0,0,0,0,0,0,131,238,10,244,113,0,2023,Deer group/Bamfield,Prior forest,Absent,51190.227129017985,0.012579506373328844,3.3333333333333335,20,97.33333333333333,341582.5908069239,5415312.078675037,341.5825908069239,5415.312078675037
BMSC10,48.87051773,-125.160347,Ross Islets Slug Island,2024-04-26,4.5,unprotected,0,16,0,7,6,0,0,8,0,5,66,0,2,7,0,0,3,314,3,0,0,0,8,37,0,0,0,0,0,2,3,56,0,0,180,0,3,0,0,1,0,26,21,0,0,0,1,0,0,1,0,0,0,0,0,0,4,2,1,0,0,0,0,0,0,6,0,1,0,0,0,0,0,0,0,0,0,0,0,0,0,1,1,1,0,0,0,0,0,0,0,0,0,0,0,0,0,0,0,0,0,0,0,0,0,0,0,0,0,0,0,0,0,0,0,0,0,0,0,0,0,0,0,0,0,0,0,0,0,0,0,0,0,0,0,0,0,0,0,0,0,0,0,0,0,0,0,0,0,0,0,0,0,0,0,0,0,0,0,0,0,0,0,0,0,0,0,0,0,0,0,0,0,0,180,644,5,262,82,2,2024,Deer group/Bamfield,Prior forest,Absent,51190.227129017985,0.012579506373328844,3.3333333333333335,20,97.33333333333333,341582.5908069239,5415312.078675037,341.5825908069239,5415.312078675037
BMSC11,48.85746765,-125.1582336,Wizard Island South,2021-05-03,5.5,unprotected,0,12,0,6,2,0,0,4,0,27,0,0,0,131,0,0,0,106,0,0,7,0,8,2,0,0,0,0,0,0,6,45,0,7,584,0,4,1,1,0,1,0,0,0,1,0,0,0,45,0,0,0,0,0,0,3,0,0,0,0,0,0,0,0,0,0,2,0,0,0,0,0,0,1,0,0,0,1,0,0,0,0,7,0,1,1,0,0,0,0,0,0,0,0,0,0,0,0,0,0,0,0,0,0,0,0,0,0,0,0,0,0,0,0,0,0,0,0,0,0,0,0,0,0,0,0,0,0,0,0,0,0,0,0,0,0,0,0,0,0,0,0,0,0,0,0,0,0,0,0,0,0,0,0,0,0,0,0,0,0,0,0,0,0,0,0,0,0,0,0,0,0,0,0,584,224,0,723,139,61,2021,Deer group/Bamfield,Barren,Absent,112161.24397491892,0.027562547825133097,0.6666666666666666,3,22.666666666666668,341696.38450871734,5413857.134067046,341.69638450871736,5413.857134067047
BMSC11,48.85746765,-125.1582336,Wizard Island South,2022-05-03,4,unprotected,0,6,0,19,0,0,0,5,0,36,0,0,0,254,0,0,0,43,1,0,10,0,7,3,9,0,0,0,0,0,6,62,2,0,959,0,5,1,2,0,0,0,0,0,2,0,0,1,79,0,1,0,2,0,0,10,0,3,0,0,0,0,3,0,0,0,1,0,0,0,0,0,0,0,0,0,0,1,0,0,0,0,0,0,0,0,3,3,1,1,1,0,0,0,0,0,0,0,0,0,0,0,0,0,0,0,0,0,0,0,0,0,0,0,0,0,0,0,0,0,0,0,0,0,0,0,0,0,0,0,0,0,0,0,0,0,0,0,0,0,0,0,0,0,0,0,0,0,0,0,0,0,0,0,0,0,0,0,0,0,0,0,0,0,0,0,0,0,0,0,0,0,0,0,959,106,1,1225,266,96,2022,Deer group/Bamfield,Barren,Absent,112161.24397491892,0.027562547825133097,0.6666666666666666,3,22.666666666666668,341696.38450871734,5413857.134067046,341.69638450871736,5413.857134067047
BMSC11,48.85746765,-125.1582336,Wizard Island South,2022-05-03,8.5,unprotected,0,18,0,6,1,0,0,1,0,22,1,0,0,0,0,0,0,55,0,0,2,0,3,0,8,0,0,1,0,0,1,11,0,0,97,0,0,0,0,0,0,2,1,0,0,0,0,0,0,0,0,0,0,0,0,0,0,0,1,0,0,0,0,0,0,0,0,0,0,0,0,4,0,0,0,0,0,1,0,0,0,0,4,0,0,0,0,0,0,0,1,0,0,0,0,0,0,0,0,0,0,0,0,0,0,0,0,0,0,0,0,0,0,0,0,0,0,0,0,0,0,0,0,0,0,0,0,0,0,0,0,0,0,0,0,0,0,0,0,0,0,0,0,0,0,0,0,0,0,0,0,0,0,0,0,0,0,0,0,0,0,0,0,0,0,0,0,0,0,0,0,0,0,0,97,113,0,100,3,10,2022,Deer group/Bamfield,Barren,Absent,112161.24397491892,0.027562547825133097,0.6666666666666666,3,22.666666666666668,341696.38450871734,5413857.134067046,341.69638450871736,5413.857134067047
BMSC11,48.85746765,-125.1582336,Wizard Island South,2023-05-16,5.5,unprotected,0,4,0,20,1,0,0,8,0,16,2,0,0,144,0,2,2,26,0,0,12,0,20,22,5,0,0,0,0,0,3,9,1,7,602,0,6,1,2,0,0,0,6,4,0,0,0,0,12,0,0,0,0,0,0,1,0,0,0,0,0,0,1,0,0,0,0,0,0,0,0,1,1,0,0,0,0,0,0,0,0,0,0,0,0,0,0,0,0,0,0,2,1,0,0,0,0,0,0,0,0,0,0,0,0,0,0,0,0,0,0,0,0,0,0,0,0,0,0,0,0,0,0,0,0,0,0,0,0,0,0,0,0,0,0,0,0,0,0,0,0,0,0,0,0,0,0,0,0,0,0,0,0,0,0,0,0,0,0,0,0,0,0,0,0,0,0,0,0,0,0,0,0,0,606,73,0,777,171,17,2023,Deer group/Bamfield,Barren,Absent,112161.24397491892,0.027562547825133097,0.6666666666666666,3,22.666666666666668,341696.38450871734,5413857.134067046,341.69638450871736,5413.857134067047
BMSC11,48.85746765,-125.1582336,Wizard Island South,2023-05-16,7.5,unprotected,0,15,0,13,0,0,0,3,0,10,0,0,0,32,0,0,1,66,0,1,2,0,3,19,6,0,0,0,0,0,4,26,0,0,752,0,0,0,2,0,0,0,3,2,2,0,0,0,5,2,0,0,0,0,0,1,0,4,0,0,0,0,3,0,0,0,0,0,0,0,0,0,0,0,0,0,0,0,0,0,0,0,4,0,0,0,0,0,0,0,0,0,0,2,1,0,0,0,0,0,0,0,0,0,0,0,0,0,0,0,0,0,0,0,0,0,0,0,0,0,0,0,0,0,0,0,0,0,0,0,0,0,0,0,0,0,0,0,0,0,0,0,0,0,0,0,0,0,0,0,0,0,0,0,0,0,0,0,0,0,0,0,0,0,0,0,0,0,0,0,0,0,0,0,754,140,1,813,59,15,2023,Deer group/Bamfield,Barren,Absent,112161.24397491892,0.027562547825133097,0.6666666666666666,3,22.666666666666668,341696.38450871734,5413857.134067046,341.69638450871736,5413.857134067047
BMSC11,48.85746765,-125.1582336,Wizard Island South,2024-04-26,5,unprotected,0,5,0,20,0,2,0,7,0,15,1,0,0,262,0,1,0,40,0,0,26,0,30,47,2,0,1,0,0,0,7,30,0,0,661,0,3,0,0,0,0,1,2,1,0,0,0,0,23,0,0,0,1,0,0,0,0,0,0,0,0,0,8,0,0,0,0,0,0,9,0,0,0,0,0,0,0,0,0,0,0,0,0,0,0,0,0,0,0,1,0,0,0,0,0,0,0,0,0,0,0,0,0,0,0,0,0,0,0,0,0,0,0,0,0,0,0,0,0,0,0,0,0,0,0,0,0,0,0,0,0,0,0,0,0,0,0,0,0,0,0,0,0,0,0,0,0,0,0,0,0,0,0,0,0,0,0,0,0,0,0,0,0,0,0,0,0,0,0,0,0,0,0,0,662,115,0,980,318,24,2024,Deer group/Bamfield,Barren,Absent,112161.24397491892,0.027562547825133097,0.6666666666666666,3,22.666666666666668,341696.38450871734,5413857.134067046,341.69638450871736,5413.857134067047
BMSC11,48.85746765,-125.1582336,Wizard Island South,2024-04-26,7.5,unprotected,0,23,0,20,1,1,0,1,0,6,1,0,0,33,0,0,0,146,0,0,1,0,9,14,2,0,0,1,0,0,3,35,0,0,400,0,0,0,3,0,0,0,3,0,0,1,0,0,35,0,0,0,2,0,2,1,1,3,1,0,0,0,10,0,0,0,0,0,0,2,0,1,0,0,0,0,0,0,0,0,0,0,1,0,0,0,0,0,0,0,1,0,0,0,1,1,1,0,0,0,0,0,0,0,0,0,0,0,0,0,0,0,0,0,0,0,0,0,0,0,0,0,0,0,0,0,0,0,0,0,0,0,0,0,0,0,0,0,0,0,0,0,0,0,0,0,0,0,0,0,0,0,0,0,0,0,0,0,0,0,0,0,0,0,0,0,0,0,0,0,0,0,0,0,400,296,0,453,53,47,2024,Deer group/Bamfield,Barren,Absent,112161.24397491892,0.027562547825133097,0.6666666666666666,3,22.666666666666668,341696.38450871734,5413857.134067046,341.69638450871736,5413.857134067047
BMSC12,48.858284,-125.1609192,Wizard Island North,2021-05-03,5.5,unprotected,0,5,0,6,4,0,0,32,1,41,4,0,0,3,0,0,0,14,0,2,1,0,9,15,0,0,0,0,0,0,3,129,0,7,872,2,7,0,0,0,0,0,0,0,1,0,0,0,20,0,0,0,0,0,0,1,0,0,0,0,0,0,3,0,0,0,0,0,0,0,0,0,0,0,0,0,0,0,0,0,0,0,0,0,0,0,0,0,0,0,0,0,0,0,0,0,0,0,0,0,0,0,0,0,0,0,0,0,0,0,0,0,0,0,0,0,0,0,0,0,0,0,0,0,0,0,0,0,0,0,0,0,0,0,0,0,0,0,0,0,0,0,0,0,0,0,0,0,0,0,0,0,0,0,0,0,0,0,0,0,0,0,0,0,0,0,0,0,0,0,0,0,0,0,874,64,2,895,21,21,2021,Deer group/Bamfield,Barren,Absent,1444360.8173269683,0.35493779039420353,1.3333333333333333,8.333333333333334,54,341501.9901531994,5413953.466638997,341.5019901531994,5413.953466638997
BMSC12,48.858284,-125.1609192,Wizard Island North,2022-05-03,5,unprotected,0,16,0,19,0,3,0,42,0,30,10,0,0,17,0,0,3,8,1,8,14,0,22,13,13,0,0,0,14,0,8,136,0,0,963,0,1,0,1,0,0,1,1,0,3,0,0,0,30,0,1,0,0,0,0,2,0,0,1,0,0,0,2,0,0,0,0,0,0,0,0,1,0,0,0,0,0,0,0,0,0,0,0,0,0,0,1,0,0,0,0,0,0,0,0,0,0,1,1,0,0,0,0,0,0,0,0,0,0,0,0,0,0,0,0,0,0,0,0,0,0,0,0,0,0,0,0,0,0,0,0,0,0,0,0,0,0,0,0,0,0,0,0,0,0,0,0,0,0,0,0,0,0,0,0,0,0,0,0,0,0,0,0,0,0,0,0,0,0,0,0,0,0,0,963,100,9,1002,39,37,2022,Deer group/Bamfield,Barren,Absent,1444360.8173269683,0.35493779039420353,1.3333333333333333,8.333333333333334,54,341501.9901531994,5413953.466638997,341.5019901531994,5413.953466638997
BMSC12,48.858284,-125.1609192,Wizard Island North,2022-05-03,9,unprotected,0,10,0,2,3,0,0,1,0,12,4,0,0,2,0,0,0,10,0,0,1,0,13,4,4,0,0,0,0,0,2,34,0,0,227,0,0,2,1,3,1,1,1,1,0,0,0,1,12,0,0,0,0,0,0,2,0,0,0,0,0,0,0,0,0,0,0,0,0,0,0,1,0,0,0,0,0,0,0,0,0,0,2,0,0,0,0,1,0,0,0,0,0,0,0,0,0,0,0,1,0,0,0,0,0,0,0,0,0,0,0,0,0,0,0,0,0,0,0,0,0,0,0,0,0,0,0,0,0,0,0,0,0,0,0,0,0,0,0,0,0,0,0,0,0,0,0,0,0,0,0,0,0,0,0,0,0,0,0,0,0,0,0,0,0,0,0,0,0,0,0,0,0,0,228,22,0,237,9,21,2022,Deer group/Bamfield,Barren,Absent,1444360.8173269683,0.35493779039420353,1.3333333333333333,8.333333333333334,54,341501.9901531994,5413953.466638997,341.5019901531994,5413.953466638997
BMSC12,48.858284,-125.1609192,Wizard Island North,2023-05-16,6.5,unprotected,0,6,0,17,0,0,0,5,0,14,9,0,0,13,0,0,3,16,1,0,17,0,23,38,6,0,0,0,0,0,6,72,0,5,883,1,0,0,1,0,0,0,5,8,4,1,0,0,38,0,1,0,2,0,0,2,0,0,0,0,1,0,0,0,0,0,0,0,0,0,0,0,0,0,0,0,0,0,0,0,0,0,0,0,0,0,0,0,0,0,0,0,0,0,0,0,2,0,0,0,0,0,0,0,0,0,0,0,0,0,0,0,0,0,0,0,0,0,0,0,0,0,0,0,0,0,0,0,0,0,0,0,0,0,0,0,0,0,0,0,0,0,0,0,0,0,0,0,0,0,0,0,0,0,0,0,0,0,0,0,0,0,0,0,0,0,0,0,0,0,0,0,0,0,892,58,1,950,58,44,2023,Deer group/Bamfield,Barren,Absent,1444360.8173269683,0.35493779039420353,1.3333333333333333,8.333333333333334,54,341501.9901531994,5413953.466638997,341.5019901531994,5413.953466638997
BMSC12,48.858284,-125.1609192,Wizard Island North,2023-05-16,9,unprotected,0,20,0,9,4,0,0,2,0,29,3,0,0,25,0,0,3,45,0,0,12,0,17,17,9,0,0,0,0,0,9,84,0,0,353,0,0,0,1,0,1,1,4,0,4,0,0,0,10,0,0,0,0,1,0,2,0,1,0,0,0,0,2,0,0,0,0,0,0,0,0,2,0,0,0,0,0,0,0,0,0,0,5,0,0,0,0,0,0,0,0,1,0,0,0,0,0,0,1,1,0,0,0,0,0,0,0,0,0,0,0,0,0,0,0,0,0,0,0,0,0,0,0,0,0,0,0,0,0,0,0,0,0,0,0,0,0,0,0,0,0,0,0,0,0,0,0,0,0,0,0,0,0,0,0,0,0,0,0,0,0,0,0,0,0,0,0,0,0,0,0,0,0,0,353,104,0,407,54,22,2023,Deer group/Bamfield,Barren,Absent,1444360.8173269683,0.35493779039420353,1.3333333333333333,8.333333333333334,54,341501.9901531994,5413953.466638997,341.5019901531994,5413.953466638997
BMSC12,48.858284,-125.1609192,Wizard Island North,2024-04-26,4.5,unprotected,0,4,0,19,0,0,0,11,0,12,10,0,0,8,0,0,1,19,0,0,7,0,26,23,10,0,0,0,0,0,9,60,0,0,709,2,0,0,0,0,0,2,11,1,0,0,0,0,14,6,0,0,0,0,0,0,0,4,0,0,0,0,9,0,0,0,0,0,0,1,0,0,0,0,0,0,0,0,0,0,0,0,0,0,0,0,0,0,0,0,0,0,0,0,0,0,0,0,0,0,1,1,0,0,0,0,0,0,0,0,0,0,0,0,0,0,0,0,0,0,0,0,0,0,0,0,0,0,0,0,0,0,0,0,0,0,0,0,0,0,0,0,0,0,0,0,0,0,0,0,0,0,0,0,0,0,0,0,0,0,0,0,0,0,0,0,0,0,0,0,0,0,0,0,712,64,0,758,46,14,2024,Deer group/Bamfield,Barren,Absent,1444360.8173269683,0.35493779039420353,1.3333333333333333,8.333333333333334,54,341501.9901531994,5413953.466638997,341.5019901531994,5413.953466638997
BMSC12,48.858284,-125.1609192,Wizard Island North,2024-04-26,7,unprotected,0,27,0,37,0,2,0,0,0,16,14,0,0,34,0,0,1,31,0,0,8,0,35,33,13,0,0,0,0,0,13,82,0,0,466,1,7,0,0,0,0,2,19,4,0,0,0,0,22,2,0,0,0,0,0,0,2,6,0,0,0,0,7,0,0,0,0,0,0,3,0,1,0,0,0,0,0,0,0,0,0,0,0,0,0,0,0,1,0,0,0,2,0,0,0,0,0,0,0,0,0,0,1,1,0,0,0,0,0,0,0,0,0,0,0,0,0,0,0,0,0,0,0,0,0,0,0,0,0,0,0,0,0,0,0,0,0,0,0,0,0,0,0,0,0,0,0,0,0,0,0,0,0,0,0,0,0,0,0,0,0,0,0,0,0,0,0,0,0,0,0,0,0,0,471,74,0,559,88,23,2024,Deer group/Bamfield,Barren,Absent,1444360.8173269683,0.35493779039420353,1.3333333333333333,8.333333333333334,54,341501.9901531994,5413953.466638997,341.5019901531994,5413.953466638997
BMSC13,48.8650322,-125.3137207,Effingham West,2021-05-04,4.8,unprotected,0,10,0,8,1,0,0,27,0,1,57,0,0,1191,0,0,0,134,0,0,0,0,2,4,0,0,0,0,0,0,6,31,2,0,82,0,3,0,0,0,0,0,1,0,0,0,0,1,4,3,0,0,0,0,0,0,0,0,2,3,0,0,0,0,0,0,0,0,0,0,0,0,0,0,0,0,0,0,0,0,0,0,0,0,0,0,0,0,0,0,0,0,0,0,0,0,0,0,0,0,0,0,0,0,4,1,0,0,0,0,0,0,0,0,0,0,0,0,0,0,0,0,0,0,0,0,0,0,0,0,0,0,0,0,0,0,0,0,0,0,0,0,0,0,0,0,0,0,0,0,0,0,0,0,0,0,0,0,0,0,0,0,0,0,0,0,0,0,0,0,0,0,0,0,82,298,0,1287,1205,10,2021,Broken Group,Barren,Absent,29899.37525032231,0.007347484,0,30.666666666666668,67.33333333333333,330317.99331963446,5415033.258474428,330.31799331963447,5415.033258474428
BMSC13,48.8650322,-125.3137207,Effingham West,2022-04-26,4.5,unprotected,0,18,0,5,2,0,0,1,0,4,111,0,0,1259,0,0,0,18,0,0,1,0,2,3,0,0,0,0,0,0,8,15,2,0,115,0,6,0,0,0,0,2,3,0,0,0,0,0,2,2,0,0,0,0,0,0,0,0,0,0,0,0,1,0,0,0,0,0,0,0,0,0,0,0,0,0,0,1,0,0,0,0,0,0,0,0,0,0,0,0,0,0,0,0,0,0,0,0,0,0,0,0,0,0,0,0,0,0,0,0,0,0,0,0,0,0,0,0,0,0,0,0,0,0,0,0,0,0,0,0,0,0,0,0,0,0,0,0,0,0,0,0,0,0,0,0,0,0,0,0,0,0,0,0,0,0,0,0,0,0,0,0,0,0,0,0,0,0,0,0,0,0,0,0,115,40,0,1387,1272,2,2022,Broken Group,Barren,Absent,29899.37525032231,0.007347484,0,30.666666666666668,67.33333333333333,330317.99331963446,5415033.258474428,330.31799331963447,5415.033258474428
BMSC13,48.8650322,-125.3137207,Effingham West,2024-05-01,3,unprotected,0,9,0,6,5,0,0,10,1,10,124,0,0,645,0,2,3,110,2,3,1,0,4,3,0,0,1,0,11,0,25,29,1,0,377,0,0,0,0,0,0,0,1,0,0,0,0,0,13,0,0,0,0,0,0,0,0,6,1,0,0,0,0,0,0,0,0,0,0,0,0,0,0,0,0,0,0,0,0,0,0,0,0,0,0,0,0,0,0,0,0,0,0,0,0,0,0,0,0,0,0,0,0,0,0,0,0,0,0,0,0,0,0,0,0,0,0,0,0,0,0,0,0,0,0,0,0,0,0,0,0,0,0,0,0,0,0,0,0,0,0,0,0,0,0,0,0,0,0,0,0,0,0,0,0,0,0,0,0,0,0,0,0,0,0,0,0,0,0,0,0,0,0,0,377,248,5,1058,681,14,2024,Broken Group,Barren,Absent,29899.37525032231,0.007347484,0,30.666666666666668,67.33333333333333,330317.99331963446,5415033.258474428,330.31799331963447,5415.033258474428
BMSC14,48.87908173,-125.2974014,Effingham Archipelago,2021-05-04,6,unprotected,0,1,0,9,0,0,0,7,0,8,22,0,0,208,0,0,0,22,2,2,4,0,36,13,0,0,0,0,0,0,63,13,0,0,312,1,17,0,0,0,0,2,0,0,0,0,0,0,3,1,0,0,0,0,0,0,0,0,0,0,0,0,0,0,0,0,1,0,0,0,0,0,0,0,0,0,0,0,0,0,0,0,0,0,0,0,0,0,0,0,0,0,0,0,0,0,0,0,0,0,0,0,0,0,4,0,0,0,0,0,0,0,0,0,0,0,0,0,0,0,0,0,0,0,0,0,0,0,0,0,0,0,0,0,0,0,0,0,0,0,0,0,0,0,0,0,0,0,0,0,0,0,0,0,0,0,0,0,0,0,0,0,0,0,0,0,0,0,0,0,0,0,0,0,313,60,4,603,290,4,2021,Broken Group,Barren,Absent,226583.5421684089,0.055680728,4.666666666666667,45.666666666666664,57.666666666666664,331561.91125624254,5416558.586262566,331.5619112562425,5416.558586262566
BMSC14,48.87908173,-125.2974014,Effingham Archipelago,2022-04-26,7,unprotected,0,8,0,18,2,0,0,3,0,23,44,0,0,144,0,0,0,25,0,0,5,0,68,25,0,0,0,0,0,0,47,35,0,3,253,0,10,0,1,0,0,5,2,0,0,0,0,0,0,0,0,0,0,0,0,0,0,0,0,1,0,0,0,0,0,0,0,0,0,0,0,0,0,0,0,0,0,0,0,0,0,0,0,0,0,0,0,0,0,0,0,0,0,0,0,0,0,0,0,0,0,0,0,0,0,0,1,1,0,0,0,0,0,0,0,0,0,0,0,0,0,0,0,0,0,0,0,0,0,0,0,0,0,0,0,0,0,0,0,0,0,0,0,0,0,0,0,0,0,0,0,0,0,0,0,0,0,0,0,0,0,0,0,0,0,0,0,0,0,0,0,0,0,0,253,60,0,474,221,2,2022,Broken Group,Barren,Absent,226583.5421684089,0.055680728,4.666666666666667,45.666666666666664,57.666666666666664,331561.91125624254,5416558.586262566,331.5619112562425,5416.558586262566
BMSC14,48.87908173,-125.2974014,Effingham Archipelago,2024-05-01,6,unprotected,0,17,0,10,0,0,0,9,0,14,58,0,0,165,0,0,0,81,11,13,10,0,77,84,5,0,0,0,0,0,43,25,0,0,252,0,2,0,1,0,0,18,22,0,0,0,0,0,0,21,3,0,0,0,0,0,0,89,0,1,0,0,1,0,7,0,0,0,0,3,0,3,0,0,0,0,0,0,0,0,0,0,0,0,0,5,0,0,0,0,0,0,0,0,0,2,0,0,0,0,0,0,0,0,0,0,1,0,1,3,2,3,1,1,0,0,0,0,0,0,0,0,0,0,0,0,0,0,0,0,0,0,0,0,0,0,0,0,0,0,0,0,0,0,0,0,0,0,0,0,0,0,0,0,0,0,0,0,0,0,0,0,0,0,0,0,0,0,0,0,0,0,0,0,252,232,24,651,399,10,2024,Broken Group,Barren,Absent,226583.5421684089,0.055680728,4.666666666666667,45.666666666666664,57.666666666666664,331561.91125624254,5416558.586262566,331.5619112562425,5416.558586262566
BMSC15,48.88028336,-125.3128815,Raymond Kelp Rock,2021-05-04,7,protected,4,18,0,22,6,0,0,6,0,9,23,0,0,54,0,1,1,67,1,0,0,0,4,0,0,0,0,0,2,0,0,25,0,1,0,0,3,0,2,0,0,0,1,0,0,0,0,0,0,0,0,0,0,0,0,0,0,0,4,0,0,0,0,0,0,0,1,0,0,0,0,0,0,0,0,0,0,0,0,0,0,0,0,0,0,0,0,0,3,0,1,0,0,0,0,0,0,0,0,0,0,0,0,0,0,0,0,0,0,0,0,0,0,0,0,0,0,0,0,0,0,0,0,0,0,0,0,0,0,0,0,0,0,0,0,0,0,0,0,0,0,0,0,0,0,0,0,0,0,0,0,0,0,0,0,0,0,0,0,0,0,0,0,0,0,0,0,0,0,0,0,0,0,0,0,147,1,55,55,8,2021,Broken Group,Forest,Present,103479.3206398717,0.025429048599768866,0,0,0,330431.10638842493,5416726.562531468,330.43110638842495,5416.7265625314685
BMSC15,48.88028336,-125.3128815,Raymond Kelp Rock,2022-04-26,7.5,protected,0,14,0,17,1,0,0,8,0,6,18,0,0,182,0,1,0,47,0,0,0,0,4,2,0,0,0,0,0,0,0,31,0,0,0,0,2,0,0,0,0,2,2,0,0,0,0,0,0,0,0,0,0,0,0,0,0,0,0,0,0,0,0,0,0,0,0,0,0,0,0,0,0,0,0,0,0,0,0,0,0,0,0,0,0,0,0,0,0,0,0,0,0,0,0,0,0,0,0,0,0,0,0,0,0,0,0,0,0,0,0,0,0,0,2,0,0,0,0,0,0,0,0,0,0,0,0,0,0,0,0,0,0,0,0,0,0,0,0,0,0,0,0,0,0,0,0,0,0,0,0,0,0,0,0,0,0,0,0,0,0,0,0,0,0,0,0,0,0,0,0,0,0,0,0,102,0,189,189,0,2022,Broken Group,Forest,Present,103479.3206398717,0.025429048599768866,0,0,0,330431.10638842493,5416726.562531468,330.43110638842495,5416.7265625314685
BMSC15,48.88028336,-125.3128815,Raymond Kelp Rock,2024-05-01,6.5,protected,0,23,0,10,1,0,0,1,0,1,37,0,0,237,0,2,4,121,5,0,0,0,1,5,2,0,0,0,0,0,0,27,1,0,5,0,7,0,2,0,0,7,8,0,0,0,1,0,2,1,0,0,1,0,0,0,0,12,0,0,0,0,0,0,0,0,0,0,0,3,0,0,0,0,0,0,0,0,0,0,0,0,0,0,0,0,0,0,0,0,0,0,0,0,0,1,0,0,0,0,0,0,0,0,0,0,0,0,1,0,0,0,0,0,0,1,1,2,1,1,0,0,0,0,0,0,0,0,0,0,0,0,0,0,0,0,0,0,0,0,0,0,0,0,0,0,0,0,0,0,0,0,0,0,0,0,0,0,0,0,0,0,0,0,0,0,0,0,0,0,0,0,0,0,5,250,5,268,263,6,2024,Broken Group,Forest,Present,103479.3206398717,0.025429048599768866,0,0,0,330431.10638842493,5416726.562531468,330.43110638842495,5416.7265625314685
BMSC16,48.89070129,-125.300499,Faber Islets,2021-05-05,6,protected,0,4,0,8,0,0,0,18,0,18,202,0,0,48,0,0,0,27,1,0,4,0,27,29,0,0,0,0,0,0,6,25,1,0,430,0,4,0,1,0,0,0,1,0,0,0,0,0,12,2,0,0,0,0,0,1,0,0,0,0,0,0,1,0,0,0,2,0,0,0,0,0,0,0,0,0,0,0,0,0,0,0,0,0,0,0,0,0,0,0,0,0,0,0,0,0,0,0,0,0,0,0,0,0,3,0,0,1,0,0,0,0,0,0,0,0,0,0,0,0,1,0,0,0,0,0,0,0,0,0,0,0,0,0,0,0,0,0,0,0,0,0,0,0,0,0,0,0,0,0,0,0,0,0,0,0,0,0,0,0,0,0,0,0,0,0,0,0,0,0,0,0,0,0,430,80,1,516,86,16,2021,Broken Group,Barren,Absent,824979.7507850755,0.20273084561067042,0,0,0,331373.91073649214,5417856.98,331.3739107364921,5417.85698
BMSC16,48.89070129,-125.300499,Faber Islets,2022-04-27,5.5,protected,0,8,0,9,1,0,0,8,0,19,190,0,0,173,0,2,0,7,0,0,1,0,37,40,0,0,2,0,0,0,5,33,1,0,714,0,2,0,0,0,0,2,0,0,0,0,0,0,4,1,0,0,0,0,0,0,0,0,1,0,0,0,1,0,0,0,0,0,0,0,0,0,0,0,0,0,0,0,0,0,0,0,0,0,0,0,0,0,0,0,0,0,0,0,0,0,0,0,0,0,0,0,0,0,0,0,0,0,0,0,0,0,0,0,0,0,0,0,0,0,0,0,0,0,0,0,0,0,0,0,0,0,0,0,0,0,0,0,0,0,0,0,0,0,0,0,0,0,0,0,0,0,0,0,0,0,0,0,0,0,0,0,0,0,0,0,0,0,0,0,0,0,0,0,714,24,0,936,222,5,2022,Broken Group,Barren,Absent,824979.7507850755,0.20273084561067042,0,0,0,331373.91073649214,5417856.98,331.3739107364921,5417.85698
BMSC16,48.89070129,-125.300499,Faber Islets,2024-05-02,7.5,protected,0,1,0,4,0,0,0,11,0,9,79,0,0,62,0,0,0,77,0,0,3,0,25,7,0,0,0,0,0,0,71,6,2,0,328,0,1,0,0,0,0,2,5,2,0,0,0,0,3,2,0,0,0,0,0,0,0,46,0,0,0,0,3,0,0,0,0,0,0,1,0,0,0,0,0,0,0,0,0,0,0,0,0,0,0,0,0,0,2,0,0,1,0,0,0,0,0,0,3,0,0,0,0,0,0,0,0,0,0,0,0,0,0,0,0,0,0,0,0,0,0,1,0,0,0,0,0,0,0,0,0,0,0,0,0,0,0,0,0,0,0,0,0,0,0,0,0,0,0,0,0,0,0,0,0,0,0,0,0,0,0,0,0,0,0,0,0,0,0,0,0,0,0,0,330,171,0,518,188,6,2024,Broken Group,Barren,Absent,824979.7507850755,0.20273084561067042,0,0,0,331373.91073649214,5417856.98,331.3739107364921,5417.85698
BMSC17,48.86548233,-125.3614807,Wouwer Channel,2021-05-05,5,protected,0,3,0,0,0,0,0,2,0,4,169,0,0,186,0,1,0,8,0,8,4,0,25,3,0,0,7,0,1,0,9,4,0,0,232,0,20,0,1,0,0,1,0,0,0,0,0,0,0,0,1,0,0,0,0,0,0,0,0,0,0,0,0,0,0,0,0,0,0,0,0,2,0,0,0,0,0,0,0,0,0,0,0,0,0,0,0,0,0,0,0,0,0,0,0,0,0,0,0,0,0,0,0,0,1,0,0,0,0,0,0,0,0,0,0,0,0,0,0,0,0,0,0,0,0,0,0,0,0,0,0,0,0,0,0,0,0,0,0,0,0,0,0,0,0,0,0,0,0,0,0,0,0,0,0,0,0,0,0,0,0,0,0,0,0,0,0,0,0,0,0,0,0,0,232,32,8,433,201,3,2021,Broken Group,Prior understory,Absent,29300.815189917317,0.007200394,0,0.6666666666666666,1,326817.2209632524,5415190.970355433,326.8172209632524,5415.190970355434
BMSC17,48.86548233,-125.3614807,Wouwer Channel,2022-04-27,5,protected,0,15,0,3,0,0,0,5,0,0,197,0,0,138,0,2,0,2,0,0,3,0,27,13,0,0,16,0,0,0,1,42,0,0,297,0,11,0,0,0,0,1,4,0,0,0,0,0,5,0,0,0,0,0,0,1,0,0,3,0,0,0,1,0,0,0,0,0,0,0,0,0,0,0,1,1,0,1,0,0,0,0,0,0,0,0,0,0,0,0,0,0,0,0,0,0,0,0,0,0,0,0,0,0,0,0,0,0,0,0,0,0,0,0,0,0,0,0,0,0,0,0,1,0,0,0,0,0,0,0,0,0,0,0,0,0,0,0,0,0,0,0,0,0,0,0,0,0,0,0,0,0,0,0,0,0,0,0,0,0,0,0,0,0,0,0,0,0,0,0,0,0,0,0,297,14,1,452,155,10,2022,Broken Group,Prior understory,Absent,29300.815189917317,0.007200394,0,0.6666666666666666,1,326817.2209632524,5415190.970355433,326.8172209632524,5415.190970355434
BMSC17,48.86548233,-125.3614807,Wouwer Channel,2024-05-02,5.8,protected,0,9,0,1,0,0,0,5,0,0,47,0,0,191,0,0,1,78,4,12,4,0,41,6,0,0,1,0,0,0,52,11,2,0,171,0,0,0,0,0,0,4,2,0,0,0,0,0,0,4,2,0,0,0,0,0,0,14,0,0,0,0,0,0,1,0,0,0,0,0,0,0,0,0,0,0,0,1,0,0,0,0,0,0,0,0,0,0,2,0,0,1,0,0,0,1,0,0,0,0,0,0,0,0,0,0,0,0,0,0,0,0,0,0,0,0,0,0,0,0,0,0,0,1,1,0,0,0,0,0,0,0,0,0,0,0,0,0,0,0,0,0,0,0,0,0,0,0,0,0,0,0,0,0,0,0,0,0,0,0,0,0,0,0,0,0,0,0,0,0,0,0,0,0,171,188,16,438,267,0,2024,Broken Group,Prior understory,Absent,29300.815189917317,0.007200394,0,0.6666666666666666,1,326817.2209632524,5415190.970355433,326.8172209632524,5415.190970355434
BMSC18,48.91161728,-125.2670364,Eussen Rock,2021-05-05,7.5,protected,0,40,0,27,2,0,0,4,0,4,1,0,0,35,0,0,0,234,0,22,2,0,1,4,0,0,0,0,0,0,4,82,2,5,187,0,7,1,0,0,0,45,6,0,0,0,0,0,0,12,0,0,0,0,0,0,0,0,2,0,0,0,0,0,0,0,0,0,0,0,0,1,0,1,8,0,0,0,0,2,64,0,0,0,0,0,0,0,0,0,0,0,0,0,0,0,0,0,0,0,0,0,0,0,8,0,0,0,0,0,0,0,0,0,0,0,0,0,0,0,0,0,0,0,0,1,7,0,0,0,0,0,0,0,0,0,0,0,0,0,0,0,0,0,0,0,0,0,0,0,0,0,0,0,0,0,0,0,0,0,0,0,0,0,0,0,0,0,0,0,0,0,0,0,187,589,101,283,96,5,2021,Broken Group,Barren,Absent,63463.6663,0.015595586099602056,0,0.6666666666666666,29.333333333333332,333895.89476468565,5420108.128311913,333.89589476468564,5420.108128311914
BMSC18,48.91161728,-125.2670364,Eussen Rock,2022-04-27,7.5,protected,0,69,0,23,2,0,0,4,0,7,4,0,0,49,0,0,0,48,1,4,2,0,25,28,4,0,0,0,0,0,9,53,0,0,92,0,1,1,0,0,0,43,4,0,0,0,0,0,0,3,0,0,0,0,0,0,0,0,1,1,0,0,0,0,0,0,0,0,0,0,0,2,0,0,3,0,0,0,0,0,21,0,0,0,0,3,0,0,0,0,0,0,0,0,0,0,0,0,0,0,0,0,0,0,0,0,0,0,0,0,0,0,0,0,0,0,0,0,0,0,0,0,0,0,0,1,4,0,0,0,0,0,0,0,0,0,0,0,0,0,0,0,0,0,0,0,0,0,0,0,0,0,0,0,0,0,0,0,0,0,0,0,0,0,0,0,0,0,0,0,0,0,0,0,92,138,33,221,129,9,2022,Broken Group,Barren,Absent,63463.6663,0.015595586099602056,0,0.6666666666666666,29.333333333333332,333895.89476468565,5420108.128311913,333.89589476468564,5420.108128311914
BMSC18,48.91161728,-125.2670364,Eussen Rock,2024-05-02,8.5,protected,0,59,0,19,0,0,0,4,0,9,0,0,0,45,0,0,0,118,1,0,5,0,61,171,8,0,0,0,0,4,33,74,0,0,185,0,21,0,1,0,0,28,51,33,0,0,0,0,0,29,1,0,1,0,0,0,0,16,0,0,0,0,4,0,0,0,0,0,1,3,0,6,0,0,0,0,0,0,0,1,0,0,0,0,0,4,0,0,0,0,0,0,0,0,0,33,0,0,1,0,0,0,0,0,0,0,0,0,1,0,1,0,0,0,0,0,2,0,0,0,0,0,0,0,0,0,7,1,0,0,0,0,0,0,0,0,0,0,0,0,0,0,0,0,0,0,0,0,0,0,0,0,0,0,0,0,0,0,0,0,0,0,0,0,0,0,0,0,0,0,0,0,0,0,218,288,12,511,293,15,2024,Broken Group,Barren,Absent,63463.6663,0.015595586099602056,0,0.6666666666666666,29.333333333333332,333895.89476468565,5420108.128311913,333.89589476468564,5420.108128311914
BMSC19,48.82860184,-125.2212982,Ed King SW Pyramid,2021-05-06,8,unprotected,0,5,0,14,0,0,0,18,0,13,9,0,0,1,0,0,2,0,0,52,4,0,7,21,0,0,36,0,0,0,34,21,0,3,571,33,28,0,2,0,0,1,1,0,0,0,0,0,1,4,1,0,3,0,0,1,0,0,0,0,0,0,0,0,0,0,0,0,0,0,0,0,0,0,0,0,0,0,0,0,0,0,0,0,0,0,0,0,0,0,0,0,0,0,0,0,0,0,0,0,0,0,0,0,2,0,0,0,0,0,0,0,0,1,0,0,0,0,0,0,0,0,0,0,0,0,0,0,0,0,0,0,0,0,0,0,0,0,0,0,0,0,0,0,0,0,0,0,0,0,0,0,0,0,0,0,0,0,0,0,0,0,0,0,0,0,0,0,0,0,0,0,0,0,604,80,52,663,59,7,2021,Deer group/Bamfield,Barren,Absent,4069335.1241151923,1,1.6666666666666667,10,20,336977.28262368555,5410781.858,336.97728262368554,5410.781858
BMSC19,48.82860184,-125.2212982,Ed King SW Pyramid,2022-04-29,8,unprotected,0,6,0,25,0,0,0,13,0,5,17,0,0,1,0,0,0,0,0,18,2,0,40,15,0,0,34,0,0,0,33,18,0,1,327,25,27,0,0,0,0,8,1,0,0,0,0,2,0,7,0,0,0,0,0,0,0,0,3,2,0,0,0,0,0,0,0,0,0,0,0,3,0,0,0,0,0,0,0,0,0,0,0,0,0,0,0,1,0,0,0,0,0,0,0,0,0,0,0,0,0,0,0,0,0,0,0,0,0,0,0,0,0,0,0,0,0,0,0,0,0,0,0,0,0,0,0,0,1,1,0,0,0,0,0,0,0,0,0,0,0,0,0,0,0,0,0,0,0,0,0,0,0,0,0,0,0,0,0,0,0,0,0,0,0,0,0,0,0,0,0,0,0,0,352,42,18,409,57,8,2022,Deer group/Bamfield,Barren,Absent,4069335.1241151923,1,1.6666666666666667,10,20,336977.28262368555,5410781.858,336.97728262368554,5410.781858
BMSC19,48.82860184,-125.2212982,Ed King SW Pyramid,2023-05-10,6.5,unprotected,0,1,0,16,0,0,0,15,0,10,38,0,0,2,0,0,0,0,0,1,9,0,24,76,2,0,36,0,0,0,22,23,1,0,728,25,4,0,0,0,0,5,1,5,0,0,0,0,0,6,2,0,0,0,0,0,0,19,1,0,0,0,0,0,2,0,0,0,0,0,0,0,0,0,0,0,0,0,0,0,0,0,0,0,0,0,0,1,0,0,0,0,0,0,0,0,0,0,0,0,0,0,0,0,0,0,0,0,0,0,0,0,0,0,0,0,0,0,0,0,0,0,0,0,0,0,1,0,0,0,0,0,0,0,0,0,0,0,0,0,0,0,0,0,0,0,0,0,0,0,0,0,0,0,0,0,0,0,0,0,0,0,0,0,0,0,0,0,0,0,0,0,0,0,758,34,2,882,124,1,2023,Deer group/Bamfield,Barren,Absent,4069335.1241151923,1,1.6666666666666667,10,20,336977.28262368555,5410781.858,336.97728262368554,5410.781858
BMSC19,48.82860184,-125.2212982,Ed King SW Pyramid,2024-04-25,8.5,unprotected,0,5,0,23,0,1,0,8,0,8,24,0,0,0,0,0,0,0,0,1,3,0,18,69,2,0,26,0,0,0,18,11,0,0,271,22,2,0,0,0,0,6,0,3,0,0,0,1,3,0,3,0,0,0,0,0,0,47,0,0,0,0,5,2,27,0,0,0,0,0,0,0,0,0,0,0,0,0,0,0,0,0,0,0,0,0,0,0,0,0,0,0,0,0,0,0,0,0,0,0,0,0,5,0,0,0,0,0,0,0,0,0,0,0,0,0,0,0,0,0,0,0,0,0,0,0,0,0,0,0,1,0,0,0,0,0,0,0,0,0,0,0,0,0,0,0,0,0,0,0,0,0,0,0,0,0,0,0,0,0,0,0,0,0,0,0,0,0,0,0,0,0,0,0,296,17,1,436,140,3,2024,Deer group/Bamfield,Barren,Absent,4069335.1241151923,1,1.6666666666666667,10,20,336977.28262368555,5410781.858,336.97728262368554,5410.781858
BMSC2,48.85039902,-125.1987686,Kirby,2021-04-27,4.5,unprotected,0,0,0,7,1,0,0,26,0,12,71,0,0,29,0,0,0,7,0,13,0,0,32,17,0,0,2,0,0,0,20,19,0,1,520,0,1,0,0,0,0,0,0,0,0,0,0,0,0,0,1,0,0,0,0,0,0,0,0,0,0,0,0,0,0,0,0,0,0,0,0,0,0,0,1,0,0,0,0,2,0,0,0,0,0,0,0,0,0,0,0,0,0,0,0,0,0,0,0,0,0,0,0,0,0,0,0,0,0,0,0,0,0,0,0,0,0,0,0,0,0,0,0,0,0,0,0,0,0,0,0,0,0,0,0,0,0,0,0,0,0,0,0,0,0,0,0,0,0,0,0,0,0,0,0,0,0,0,0,0,0,0,0,0,0,0,0,0,0,0,0,0,0,0,520,57,14,586,66,0,2021,Deer group/Bamfield,Barren,Absent,189208.77395479774,0.046496238,54.333333333333336,78,94.66666666666667,338700.67193649383,5413156.613428831,338.70067193649385,5413.156613428831
BMSC2,48.85039902,-125.1987686,Kirby,2023-05-09,7,unprotected,0,3,0,26,3,0,0,6,0,17,1,0,0,43,0,0,4,1,0,0,9,0,36,36,1,0,3,0,0,0,3,61,0,0,881,2,1,0,0,0,2,0,1,0,2,0,0,0,3,2,0,0,0,0,0,1,0,3,0,0,0,0,0,0,0,0,0,0,0,0,0,0,0,0,0,0,0,0,0,0,0,0,0,0,0,0,0,0,0,1,0,1,0,0,0,0,0,0,0,0,0,0,0,0,0,0,0,0,0,0,0,0,0,0,0,0,0,0,0,0,0,0,0,0,0,0,0,0,0,0,0,80,0,0,0,0,0,0,0,0,0,0,0,0,0,0,0,0,0,0,0,0,0,0,0,0,0,0,0,0,0,0,0,0,0,0,0,0,0,0,0,0,0,0,883,99,0,968,85,6,2023,Deer group/Bamfield,Barren,Absent,189208.77395479774,0.046496238,54.333333333333336,78,94.66666666666667,338700.67193649383,5413156.613428831,338.70067193649385,5413.156613428831
BMSC2,48.85039902,-125.1987686,Kirby,2024-04-29,4,unprotected,0,2,0,8,6,0,0,25,0,4,55,0,0,275,0,0,1,16,0,0,2,0,13,11,0,0,2,0,0,0,64,15,3,0,472,0,0,0,0,1,0,8,3,0,0,0,0,0,3,5,1,0,0,0,0,0,0,11,0,0,0,0,0,0,0,1,0,0,0,1,0,0,0,0,0,0,0,0,0,1,0,0,0,0,0,0,0,0,0,0,0,0,0,0,0,0,0,0,0,0,0,0,0,0,0,0,0,0,0,0,0,0,0,0,0,0,0,0,0,0,0,0,0,0,0,0,0,0,0,0,0,0,0,0,0,0,0,0,0,0,0,0,0,0,0,0,0,0,0,0,0,0,0,0,0,0,0,0,0,0,0,0,0,0,0,0,0,0,0,0,0,0,0,0,472,66,0,842,370,3,2024,Deer group/Bamfield,Barren,Absent,189208.77395479774,0.046496238,54.333333333333336,78,94.66666666666667,338700.67193649383,5413156.613428831,338.70067193649385,5413.156613428831
BMSC20,48.83566666,-125.214798,Ed King East,2021-05-06,7,unprotected,0,1,0,4,0,0,0,18,0,11,25,0,0,1,0,0,0,0,0,12,1,0,11,2,0,0,25,0,0,0,65,9,3,1,792,1,30,0,1,0,0,1,0,0,0,0,0,0,0,3,0,0,0,0,0,0,0,0,0,2,0,0,0,0,0,0,0,0,0,0,0,0,0,0,0,0,0,0,0,0,0,0,0,0,0,0,0,0,0,0,0,0,0,0,0,0,0,0,0,0,0,0,0,0,0,0,0,0,0,0,0,0,0,0,0,0,0,0,0,0,0,0,0,0,0,0,0,0,0,0,0,0,0,0,0,0,0,0,0,0,0,0,0,0,0,0,0,0,0,0,0,0,0,0,0,0,0,0,0,0,0,0,0,0,0,0,0,0,0,0,0,0,0,0,793,34,12,862,69,3,2021,Deer group/Bamfield,Barren,Absent,1361016.688519489,0.3344567716858707,6.333333333333333,24.333333333333332,41,337477.16755806707,5411553.212448458,337.4771675580671,5411.553212448458
BMSC20,48.83566666,-125.214798,Ed King East,2022-04-29,6.5,unprotected,0,2,0,9,1,1,0,21,1,13,73,0,0,0,0,1,0,0,0,11,1,0,30,25,1,0,14,0,0,0,42,11,0,0,665,9,50,0,0,0,0,6,6,0,0,0,0,0,0,4,1,0,0,0,0,0,0,0,1,0,0,0,0,0,0,0,0,0,0,0,0,0,0,0,0,0,0,0,0,0,0,0,0,0,0,0,0,0,0,0,0,0,0,0,0,0,0,0,0,0,0,0,0,0,0,0,0,0,0,0,0,0,0,0,0,0,0,0,0,0,0,0,0,0,0,0,0,0,0,0,0,0,1,1,0,0,0,0,0,0,0,0,0,0,0,0,0,0,0,0,0,0,0,0,0,0,0,0,0,0,0,0,0,0,0,0,0,0,0,0,0,0,0,0,674,40,11,748,74,1,2022,Deer group/Bamfield,Barren,Absent,1361016.688519489,0.3344567716858707,6.333333333333333,24.333333333333332,41,337477.16755806707,5411553.212448458,337.4771675580671,5411.553212448458
BMSC20,48.83566666,-125.214798,Ed King East,2023-05-10,6.5,unprotected,0,4,0,6,1,0,0,17,0,42,75,0,0,0,0,0,2,3,0,27,6,0,19,4,3,0,3,0,0,0,24,11,0,0,789,30,5,0,4,0,0,2,2,0,0,0,0,0,0,3,1,0,0,0,0,0,0,16,1,2,0,0,0,0,0,0,0,0,0,0,0,1,0,0,0,0,0,0,0,2,0,0,0,0,0,0,0,0,0,0,0,0,0,1,0,0,0,0,0,0,0,0,0,0,0,0,0,0,0,0,0,0,0,0,0,0,0,0,0,0,0,0,0,0,0,0,1,0,0,0,0,0,0,0,0,0,0,0,0,0,0,0,0,0,0,0,0,0,0,0,0,0,0,0,0,0,0,0,0,0,0,0,0,0,0,0,0,0,0,0,0,0,0,0,819,63,28,865,46,9,2023,Deer group/Bamfield,Barren,Absent,1361016.688519489,0.3344567716858707,6.333333333333333,24.333333333333332,41,337477.16755806707,5411553.212448458,337.4771675580671,5411.553212448458
BMSC20,48.83566666,-125.214798,Ed King East,2024-04-25,6.7,unprotected,0,3,0,11,0,1,0,9,0,18,38,0,0,2,0,0,0,2,0,0,6,0,16,14,11,0,6,0,0,0,3,26,1,0,475,39,6,0,5,0,0,3,3,0,0,0,0,0,0,2,0,0,0,0,2,0,1,122,1,0,0,0,0,0,2,0,0,0,0,0,0,1,0,0,0,0,0,0,0,0,0,0,0,0,0,0,0,0,0,0,0,0,0,0,0,0,0,0,0,0,1,0,1,0,0,0,0,0,0,0,0,0,0,0,0,0,0,0,0,0,0,0,0,0,0,0,0,0,0,0,0,0,0,0,1,0,0,0,0,0,0,0,0,0,0,0,0,0,0,0,0,0,0,0,0,0,0,0,0,0,0,0,0,0,0,0,0,0,0,0,0,0,0,0,514,24,0,658,144,7,2024,Deer group/Bamfield,Barren,Absent,1361016.688519489,0.3344567716858707,6.333333333333333,24.333333333333332,41,337477.16755806707,5411553.212448458,337.4771675580671,5411.553212448458
BMSC21,48.85205078,-125.1235657,Dixon SW,2021-05-20,5,unprotected,0,7,0,28,0,0,0,4,0,12,7,0,0,20,0,0,0,34,0,0,10,0,21,34,0,0,12,0,0,0,6,62,0,1,538,1,0,0,0,0,0,1,0,0,0,0,0,0,7,3,0,0,2,0,0,0,0,0,0,0,0,0,0,0,0,0,0,0,0,0,0,0,0,0,0,0,0,0,0,0,0,0,0,0,0,0,7,0,0,0,0,0,0,0,0,0,0,0,0,0,0,0,0,0,0,0,0,0,0,0,0,0,0,0,0,0,0,0,0,0,0,0,0,0,0,0,0,0,0,0,0,0,0,0,0,0,0,0,0,0,0,0,0,0,0,0,0,0,0,0,0,0,0,0,0,0,0,0,0,0,0,0,0,0,0,0,0,0,0,0,0,0,0,0,539,92,0,600,61,9,2021,Deer group/Bamfield,Barren,Absent,1408327.5728287841,0.3460829668421573,45.666666666666664,107,159.66666666666666,344222.26065375376,5413183.453977218,344.2222606537538,5413.183453977218
BMSC21,48.85205078,-125.1235657,Dixon SW,2022-04-25,4.5,unprotected,0,15,0,31,0,0,0,5,0,8,10,0,0,11,0,0,1,4,0,0,5,0,19,64,2,0,23,0,0,0,6,58,0,0,827,0,5,0,0,0,0,2,1,0,0,0,0,0,1,5,0,0,0,0,0,0,0,0,0,1,0,0,1,0,0,0,0,0,0,0,0,0,0,0,0,0,0,0,0,0,0,0,0,0,0,0,0,0,0,0,0,0,0,0,0,0,0,0,0,0,0,0,0,0,0,0,0,0,0,0,0,0,0,0,0,0,0,0,0,0,0,0,0,0,0,0,0,0,0,0,0,0,0,0,0,0,0,0,0,0,0,0,0,0,0,0,0,0,0,0,0,0,0,0,0,0,0,0,0,0,0,0,0,0,0,0,0,0,0,0,0,0,0,0,827,23,0,910,83,2,2022,Deer group/Bamfield,Barren,Absent,1408327.5728287841,0.3460829668421573,45.666666666666664,107,159.66666666666666,344222.26065375376,5413183.453977218,344.2222606537538,5413.183453977218
BMSC21,48.85205078,-125.1235657,Dixon SW,2023-05-08,6,unprotected,0,16,0,29,1,0,0,17,0,26,29,0,0,20,0,0,1,52,0,5,12,0,22,141,2,0,3,0,0,0,9,71,0,0,617,1,1,1,2,0,0,2,0,0,0,0,0,0,2,0,3,0,0,0,0,0,0,0,1,0,0,0,0,0,0,0,0,0,0,0,0,0,0,0,0,0,0,1,0,0,0,0,0,0,0,0,0,0,0,0,0,0,0,0,0,0,0,0,0,0,0,0,0,0,0,0,0,0,0,0,0,0,0,0,0,0,0,0,0,0,0,0,0,0,0,0,0,0,0,0,0,0,0,0,0,0,0,0,0,0,0,0,0,0,0,0,0,0,0,0,0,0,0,0,0,0,0,0,0,0,0,0,0,0,0,0,0,0,0,0,0,0,0,0,618,141,5,790,172,6,2023,Deer group/Bamfield,Barren,Absent,1408327.5728287841,0.3460829668421573,45.666666666666664,107,159.66666666666666,344222.26065375376,5413183.453977218,344.2222606537538,5413.183453977218
BMSC21,48.85205078,-125.1235657,Dixon SW,2024-04-30,6.5,unprotected,0,29,0,28,1,0,0,23,0,12,9,0,0,16,0,0,0,115,0,0,14,0,32,56,5,0,0,2,0,0,41,29,0,0,374,0,0,0,1,0,0,1,7,0,0,0,0,0,21,0,0,0,0,0,0,0,1,16,0,0,0,0,0,0,8,0,0,1,1,0,0,4,0,0,0,0,0,0,0,0,0,0,0,0,0,0,0,0,0,0,0,1,0,0,1,0,0,0,0,0,0,0,0,0,0,0,0,1,0,0,1,0,0,0,0,0,0,0,0,0,0,0,0,0,0,0,0,0,0,0,0,0,0,0,0,1,0,0,0,0,0,0,0,0,0,0,0,0,0,0,0,0,0,0,0,0,0,0,0,0,0,0,0,0,0,0,0,0,0,0,0,0,0,0,374,268,0,504,130,28,2024,Deer group/Bamfield,Barren,Absent,1408327.5728287841,0.3460829668421573,45.666666666666664,107,159.66666666666666,344222.26065375376,5413183.453977218,344.2222606537538,5413.183453977218
BMSC22,48.85426712,-125.1170349,Dixon Inside,2021-05-20,6.5,unprotected,0,2,0,16,0,0,0,5,0,4,12,0,0,9,0,1,0,279,0,0,0,0,4,0,0,0,0,0,0,2,3,32,0,0,114,0,0,0,0,0,0,6,1,0,1,0,0,0,0,0,0,0,0,0,0,0,0,0,0,0,0,0,0,0,0,0,0,0,0,0,0,0,0,0,0,1,0,0,0,0,0,0,0,0,0,0,0,0,0,0,0,0,0,0,0,0,0,0,0,0,0,0,0,0,0,0,0,0,0,0,0,0,0,0,0,0,0,0,0,0,2,0,0,0,0,0,0,0,0,0,0,0,0,0,0,0,1,1,0,0,0,0,0,0,0,0,0,0,0,0,0,0,0,0,0,0,0,0,0,0,0,0,0,0,0,0,0,0,0,0,0,0,0,0,114,568,2,133,19,0,2021,Deer group/Bamfield,Prior understory,Absent,84262.85756300889,0.020706787,25,96.33333333333333,159.33333333333334,344708.1669392711,5413416.45,344.7081669392711,5413.41645
BMSC22,48.85426712,-125.1170349,Dixon Inside,2022-04-25,8.3,unprotected,0,6,0,17,1,0,0,4,0,8,27,0,0,7,0,0,0,169,2,1,0,0,8,2,3,0,2,0,0,0,2,38,0,0,84,1,0,2,0,0,0,17,1,0,0,0,0,0,0,0,0,0,0,0,0,0,0,0,0,0,0,0,0,0,0,0,0,0,0,0,0,0,0,0,0,0,0,0,0,0,0,0,0,0,0,0,0,0,0,0,3,0,0,0,0,0,0,0,0,0,0,0,0,0,0,0,0,0,0,0,0,0,0,0,0,0,0,0,0,0,0,0,0,0,0,0,0,0,0,0,0,0,0,0,0,0,0,0,1,0,0,0,0,0,0,0,0,0,0,0,0,0,0,0,0,0,0,0,0,0,0,0,0,0,0,0,0,0,0,0,0,0,0,0,85,345,3,113,28,5,2022,Deer group/Bamfield,Prior understory,Absent,84262.85756300889,0.020706787,25,96.33333333333333,159.33333333333334,344708.1669392711,5413416.45,344.7081669392711,5413.41645
BMSC22,48.85426712,-125.1170349,Dixon Inside,2023-05-08,5.5,unprotected,0,6,0,24,3,0,0,4,0,14,22,0,0,37,0,0,0,354,2,0,1,0,0,8,9,0,1,0,0,0,11,47,2,0,102,0,1,0,0,0,1,16,1,0,0,0,0,0,0,0,0,0,0,0,0,1,0,0,0,2,0,0,0,0,0,0,1,0,0,0,0,0,0,0,0,0,0,1,0,1,0,0,0,0,0,0,0,1,0,0,0,0,0,0,0,0,0,0,0,0,0,0,0,0,0,0,0,0,0,0,0,0,0,0,0,0,0,0,0,0,0,0,0,0,0,0,0,0,0,0,0,0,0,0,0,0,0,0,0,0,0,0,0,0,0,0,0,0,0,0,0,0,0,0,0,0,0,0,0,0,0,0,0,0,0,0,0,0,0,0,0,0,0,0,102,716,2,174,72,5,2023,Deer group/Bamfield,Prior understory,Absent,84262.85756300889,0.020706787,25,96.33333333333333,159.33333333333334,344708.1669392711,5413416.45,344.7081669392711,5413.41645
BMSC22,48.85426712,-125.1170349,Dixon Inside,2024-04-30,5.5,unprotected,0,9,0,8,7,0,0,3,0,7,28,0,0,77,0,0,0,292,0,0,4,0,12,8,4,0,0,0,0,0,28,31,0,0,148,1,1,0,0,0,0,11,7,0,0,0,0,0,0,1,0,0,0,0,0,0,0,5,2,0,0,0,1,0,0,0,0,0,0,0,0,0,0,0,0,0,0,0,0,0,0,0,0,0,0,0,0,0,0,0,3,0,0,0,0,0,0,0,0,0,0,0,0,0,0,0,0,0,0,0,0,2,0,0,0,0,0,0,0,0,0,0,0,0,0,0,0,0,0,0,0,0,0,0,0,0,0,0,0,2,0,0,0,0,0,0,0,0,0,0,0,0,0,0,0,0,0,0,0,0,0,0,0,0,0,0,0,0,0,0,0,0,0,0,149,594,0,278,129,5,2024,Deer group/Bamfield,Prior understory,Absent,84262.85756300889,0.020706787,25,96.33333333333333,159.33333333333334,344708.1669392711,5413416.45,344.7081669392711,5413.41645
BMSC23,48.837589,-125.144145,Aguilar Point,2022-05-06,6.5,unprotected,0,8,0,21,1,0,0,13,0,17,19,0,0,4,0,0,0,24,0,0,19,0,121,21,15,0,2,0,0,0,21,41,1,0,495,2,5,1,1,0,1,19,8,0,1,0,0,0,0,0,1,0,0,0,0,0,0,0,1,0,0,0,3,0,0,0,0,0,0,0,0,1,0,0,0,0,0,0,0,3,0,2,0,0,0,0,2,0,0,0,0,0,0,0,0,0,0,0,0,0,0,0,0,0,0,0,0,0,0,0,0,0,0,0,0,0,0,0,0,0,1,0,0,0,0,0,0,0,0,0,0,0,0,0,0,0,0,0,0,0,1,0,0,0,0,0,0,0,0,0,0,0,0,0,0,0,0,0,0,0,0,0,0,0,0,0,0,0,0,0,0,0,0,0,497,86,0,562,65,5,2022,Deer group/Bamfield,Barren,Absent,2080595.3652593626,0.5112863162656707,71.66666666666667,95,124,342667.4113070519,5411618.353179187,342.6674113070519,5411.618353179187
BMSC23,48.837589,-125.144145,Aguilar Point,2023-05-11,7,unprotected,0,10,0,18,7,0,0,9,0,15,22,0,0,3,0,0,1,81,1,21,14,0,47,46,14,0,0,0,0,0,19,33,0,0,444,1,1,0,3,0,0,19,2,0,0,0,0,0,0,2,1,0,0,0,0,0,0,2,0,1,0,0,0,0,0,0,1,0,0,0,0,1,0,0,0,0,0,0,0,1,1,0,0,0,0,0,0,0,0,0,0,0,0,0,2,0,0,0,0,0,0,0,0,0,0,0,0,0,0,0,0,0,0,0,0,0,0,0,0,0,0,0,0,0,0,0,0,0,0,0,0,0,0,0,0,0,0,0,0,0,0,1,0,0,0,0,0,0,0,0,0,0,0,0,0,0,0,0,0,0,0,0,0,0,0,0,0,0,0,0,0,0,0,0,445,213,24,534,89,8,2023,Deer group/Bamfield,Barren,Absent,2080595.3652593626,0.5112863162656707,71.66666666666667,95,124,342667.4113070519,5411618.353179187,342.6674113070519,5411.618353179187
BMSC23,48.837589,-125.144145,Aguilar Point,2024-05-03,6.7,unprotected,0,14,0,16,0,0,0,5,0,8,24,0,0,3,0,0,0,59,0,0,22,0,470,38,18,0,0,0,0,1,44,37,1,0,454,3,2,1,1,0,0,12,11,1,0,0,1,0,2,2,0,0,1,0,0,1,0,37,0,0,0,0,36,0,3,0,0,0,0,11,0,0,0,0,0,0,0,0,0,6,0,0,0,0,0,0,0,0,0,0,0,4,0,0,1,1,0,0,0,0,1,0,0,0,0,0,0,0,0,0,0,0,0,0,0,0,0,0,0,0,0,0,0,0,0,0,0,0,0,0,0,0,0,0,0,0,0,0,0,0,0,0,0,0,0,0,0,0,0,0,0,0,0,0,0,0,0,0,0,0,0,0,0,0,0,0,0,0,0,0,0,0,0,0,458,155,1,592,134,7,2024,Deer group/Bamfield,Barren,Absent,2080595.3652593626,0.5112863162656707,71.66666666666667,95,124,342667.4113070519,5411618.353179187,342.6674113070519,5411.618353179187
BMSC24,48.916073,-125.131174,Swiss Boy,2023-05-18,7.5,unprotected,0,8,0,39,5,0,0,25,0,19,38,0,0,7,0,0,0,2,0,9,26,0,13,124,4,0,104,0,12,0,18,65,0,3,627,44,9,0,1,0,1,6,13,13,0,0,0,0,14,15,3,0,0,0,0,1,0,4,0,1,4,0,1,0,0,0,1,0,0,0,0,2,1,0,0,0,0,1,0,1,0,0,0,0,0,0,23,0,0,0,0,0,0,0,0,0,0,0,0,0,0,0,0,0,0,0,0,0,0,0,0,0,0,0,0,0,0,0,0,0,0,0,0,0,0,0,0,0,0,0,0,0,0,0,0,0,0,0,0,0,0,0,0,0,0,0,0,0,0,0,0,0,0,0,0,0,0,0,0,0,0,0,0,0,0,0,0,0,0,0,0,0,0,0,684,119,9,847,163,21,2023,Deep Imperial Eagle Channel,Barren,Absent,2648778.951841533,0.6509119723624298,3.3333333333333335,14,34,343863.6841902753,5420315.306235117,343.8636841902753,5420.315306235117
BMSC24,48.916073,-125.131174,Swiss Boy,2023-05-18,11,unprotected,0,8,0,18,0,0,0,11,0,24,41,0,0,12,0,0,0,5,1,16,8,0,34,71,2,0,0,0,0,0,12,30,0,0,347,2,0,2,1,0,0,2,7,5,0,0,0,0,0,13,5,0,0,2,0,0,0,11,1,0,0,0,0,0,0,0,0,0,0,0,0,0,0,0,0,0,0,0,0,0,9,0,0,0,0,0,0,1,0,0,0,0,0,0,0,0,0,0,0,0,0,0,0,0,0,0,0,0,0,0,0,0,0,0,0,0,1,0,0,0,0,0,0,0,0,0,2,0,0,0,0,0,0,0,0,0,0,0,0,0,0,0,0,0,0,0,0,0,0,0,0,0,0,0,0,0,0,0,0,0,0,0,0,0,0,0,0,0,0,0,0,0,0,0,354,75,28,464,110,4,2023,Deep Imperial Eagle Channel,Barren,Absent,2648778.951841533,0.6509119723624298,3.3333333333333335,14,34,343863.6841902753,5420315.306235117,343.8636841902753,5420.315306235117
BMSC24,48.916073,-125.131174,Swiss Boy,2024-04-24,5.5,unprotected,0,3,0,18,0,0,0,12,0,7,20,0,0,2,0,0,0,0,9,0,5,0,16,128,1,0,63,0,20,0,17,60,0,0,214,13,0,0,0,0,0,5,6,2,0,1,1,0,16,1,0,0,0,11,0,1,3,10,0,0,0,0,0,0,0,0,0,0,0,0,0,0,0,0,0,0,0,0,0,0,0,0,0,2,0,0,13,0,0,0,0,1,0,0,0,0,0,0,0,0,0,0,0,0,0,0,0,0,0,0,0,0,0,0,0,0,0,0,0,0,0,0,0,0,0,0,0,0,0,0,0,0,0,0,0,0,0,0,0,0,0,0,1,0,0,0,0,0,0,0,0,0,0,0,0,0,0,0,0,0,0,0,0,0,0,0,0,0,0,0,0,0,0,0,229,60,9,404,175,18,2024,Deep Imperial Eagle Channel,Barren,Absent,2648778.951841533,0.6509119723624298,3.3333333333333335,14,34,343863.6841902753,5420315.306235117,343.8636841902753,5420.315306235117
BMSC24,48.916073,-125.131174,Swiss Boy,2024-04-24,10.5,unprotected,0,10,0,19,0,0,0,9,0,7,17,0,0,24,0,0,0,3,0,5,3,0,46,128,3,0,16,0,0,0,10,17,0,0,238,0,7,0,4,0,0,1,16,1,0,0,0,0,5,10,2,0,0,0,0,0,0,3,0,3,0,0,0,0,0,0,0,0,0,0,0,2,0,0,0,0,0,0,0,0,0,0,0,0,0,0,0,0,0,0,0,0,0,0,0,0,0,0,0,0,0,0,0,0,0,0,0,0,0,0,0,0,0,0,0,0,0,0,0,0,0,0,0,0,0,0,1,0,0,0,0,0,0,0,0,0,0,0,0,0,0,0,0,0,0,0,0,0,0,0,0,0,0,0,0,0,0,0,0,0,0,0,0,0,0,0,0,0,0,0,0,0,0,0,239,36,6,405,166,14,2024,Deep Imperial Eagle Channel,Barren,Absent,2648778.951841533,0.6509119723624298,3.3333333333333335,14,34,343863.6841902753,5420315.306235117,343.8636841902753,5420.315306235117
BMSC25,48.838595,-125.135015,Goby Town,2023-05-18,5.5,unprotected,0,9,0,18,7,0,0,25,0,10,75,0,5,12,0,0,0,333,12,3,1,0,13,54,0,0,1,0,0,12,38,15,0,4,150,2,7,1,2,0,1,0,4,0,2,0,0,0,0,0,0,0,0,0,0,0,0,0,0,0,29,0,0,0,0,0,0,0,0,0,0,1,0,0,0,0,0,0,0,6,67,0,0,0,1,0,0,0,0,0,0,0,0,0,0,0,0,0,3,0,0,0,0,0,0,0,0,0,0,0,0,0,0,0,0,0,0,0,0,0,0,0,0,0,0,0,0,0,0,0,0,0,0,0,0,0,0,0,0,0,0,0,0,1,0,0,0,0,0,0,0,0,0,0,0,0,0,0,0,0,0,0,0,0,0,0,0,0,0,0,0,0,0,0,152,799,94,285,133,8,2023,Deer group/Bamfield,Barren,Absent,76087.15465615729,0.018697687050953107,3.3333333333333335,48,123.66666666666667,343340.44751719537,5411711.330105477,343.34044751719534,5411.711330105477
BMSC25,48.838595,-125.135015,Goby Town,2023-05-18,5.7,unprotected,0,17,0,12,6,3,0,25,0,14,66,0,2,16,0,0,0,204,10,41,0,0,18,36,4,0,0,0,0,4,30,27,1,0,196,3,0,2,0,0,1,5,0,1,0,0,0,0,0,1,0,0,0,0,0,0,0,5,0,0,0,0,0,0,0,0,0,0,0,0,0,1,0,0,0,0,0,0,0,4,54,0,0,0,0,0,0,0,0,0,0,0,0,0,1,0,0,0,0,0,0,0,0,0,0,0,0,0,0,0,0,0,0,0,0,0,0,0,0,0,0,0,0,0,0,0,0,0,0,0,0,0,0,0,0,0,0,0,0,0,0,0,0,0,0,0,0,0,0,0,0,0,0,0,0,0,0,0,0,0,0,0,0,0,0,0,0,0,0,0,0,0,0,0,200,552,109,292,92,5,2023,Deer group/Bamfield,Barren,Absent,76087.15465615729,0.018697687050953107,3.3333333333333335,48,123.66666666666667,343340.44751719537,5411711.330105477,343.34044751719534,5411.711330105477
BMSC25,48.838595,-125.135015,Goby Town,2024-04-23,5.5,unprotected,0,18,0,25,1,0,0,2,0,5,71,0,1,3,0,0,0,300,0,0,0,0,22,38,0,0,2,0,0,0,36,12,3,0,203,0,30,0,0,0,1,20,12,0,0,0,0,0,0,0,0,0,0,0,0,0,1,0,2,0,0,0,0,0,0,0,0,0,1,2,0,14,0,0,0,0,0,0,0,1,0,0,0,0,0,0,0,0,0,0,0,0,0,0,0,0,0,0,1,0,0,0,0,0,0,0,0,0,0,0,0,0,0,0,0,0,0,0,0,0,0,0,0,0,0,0,0,0,0,0,0,0,0,0,0,0,0,0,0,0,0,0,0,0,1,0,0,0,0,0,0,0,0,0,0,0,0,0,0,0,0,0,0,0,0,0,0,0,0,0,0,0,0,0,203,604,0,300,97,20,2024,Deer group/Bamfield,Barren,Absent,76087.15465615729,0.018697687050953107,3.3333333333333335,48,123.66666666666667,343340.44751719537,5411711.330105477,343.34044751719534,5411.711330105477
BMSC25,48.838595,-125.135015,Goby Town,2024-04-23,6,unprotected,0,23,0,12,4,0,0,6,0,4,44,0,0,17,0,0,0,267,0,0,2,0,16,28,1,0,2,0,0,0,48,38,2,0,172,3,0,0,0,0,1,10,4,2,0,0,0,0,0,0,0,0,0,0,0,0,0,17,0,0,0,0,0,0,1,0,0,0,0,0,0,7,0,0,0,0,0,0,0,1,0,0,0,0,0,0,0,0,0,0,0,0,0,0,0,0,0,0,2,0,0,0,0,0,0,0,0,0,0,0,0,0,0,0,0,0,0,0,0,0,0,0,0,0,0,0,0,0,0,0,0,0,0,0,0,0,0,0,0,0,0,0,0,0,0,0,0,0,0,0,0,0,0,0,0,0,0,0,0,0,0,0,0,0,0,0,0,0,0,0,0,0,0,0,177,543,0,297,120,10,2024,Deer group/Bamfield,Barren,Absent,76087.15465615729,0.018697687050953107,3.3333333333333335,48,123.66666666666667,343340.44751719537,5411711.330105477,343.34044751719534,5411.711330105477
BMSC26,48.9071,-125.037017,Hosie South,2023-05-19,9.5,protected,3,5,0,29,5,0,0,3,0,4,1,0,0,33,0,1,17,15,1,9,4,0,2,1,7,0,0,1,0,0,0,7,1,13,3,0,1,0,2,0,0,0,0,0,5,0,0,0,6,0,0,0,0,0,0,1,1,0,1,0,2,0,0,0,0,0,0,0,0,0,0,0,0,0,0,0,0,0,0,1,0,0,0,0,0,0,0,10,0,0,6,0,0,0,0,0,0,0,0,0,0,0,0,0,0,0,0,1,0,0,0,0,0,0,0,0,0,0,0,0,0,0,0,0,0,1,0,0,0,0,0,0,0,0,0,0,0,0,0,0,0,0,0,0,0,1,0,0,0,0,0,0,0,0,0,0,0,0,0,0,0,0,0,0,0,0,0,0,0,0,0,0,0,0,3,52,10,40,37,17,2023,Sarita,Forest,Present,741148.2449871616,0.18213005869068394,2,4.333333333333333,15.666666666666666,350734.7736663214,5419128.719,350.7347736663214,5419.128719
BMSC26,48.9071,-125.037017,Hosie South,2023-05-19,10,protected,0,15,0,28,5,0,0,2,0,9,1,0,0,13,0,1,13,42,0,24,1,0,0,1,3,0,0,1,4,0,0,4,4,0,2,0,0,0,1,0,0,0,3,9,10,0,0,0,2,1,0,0,0,0,1,1,1,5,0,0,0,0,0,0,1,0,0,0,0,0,0,0,0,0,0,0,22,1,0,0,0,0,1,0,0,0,1,19,0,0,11,0,0,0,0,0,0,0,1,1,0,0,0,0,0,0,0,0,0,0,0,0,0,0,0,0,0,0,0,0,0,0,0,0,0,0,0,0,0,0,0,0,0,0,0,0,0,0,0,2,0,0,0,0,0,0,1,2,1,2,3,2,0,0,0,0,0,0,0,0,0,0,0,0,0,0,0,0,0,0,0,0,0,0,11,141,24,31,20,20,2023,Sarita,Forest,Present,741148.2449871616,0.18213005869068394,2,4.333333333333333,15.666666666666666,350734.7736663214,5419128.719,350.7347736663214,5419.128719
BMSC26,48.9071,-125.037017,Hosie South,2024-04-24,6.5,protected,7,8,0,34,0,0,0,4,0,0,2,0,0,85,0,3,6,81,0,0,0,0,2,3,7,0,0,0,0,0,9,4,2,0,0,0,0,0,1,0,0,2,1,0,1,0,0,1,0,0,0,0,0,0,0,0,0,0,1,0,0,0,0,0,0,0,3,0,0,0,0,1,0,0,0,0,0,0,0,0,0,2,0,0,0,0,1,0,0,0,38,0,0,0,0,0,0,0,0,0,0,0,0,0,0,0,0,0,0,0,0,0,0,0,0,0,0,0,0,1,0,0,0,0,0,0,0,0,0,0,0,0,0,0,0,0,0,0,0,0,0,0,0,0,0,0,0,0,0,0,0,0,1,0,0,0,0,0,0,0,0,0,0,0,0,0,0,0,0,0,0,0,0,0,0,175,0,102,102,45,2024,Sarita,Forest,Present,741148.2449871616,0.18213005869068394,2,4.333333333333333,15.666666666666666,350734.7736663214,5419128.719,350.7347736663214,5419.128719
BMSC26,48.9071,-125.037017,Hosie South,2024-04-24,8,protected,1,27,0,24,1,0,0,1,0,0,1,0,0,199,0,0,1,47,0,0,0,0,2,7,17,0,0,0,0,2,0,6,0,0,1,0,7,0,0,0,0,0,3,0,1,0,1,0,12,0,0,0,0,0,0,1,1,6,0,0,0,0,0,0,0,0,3,0,0,0,0,1,0,0,0,0,0,0,0,0,0,0,0,0,0,0,0,2,0,0,19,0,0,0,0,0,0,0,0,0,0,0,0,1,0,0,0,0,0,1,0,0,0,0,0,1,0,0,0,0,0,0,0,0,0,0,0,0,0,0,0,0,0,0,0,0,0,0,0,0,0,0,0,0,0,0,0,0,0,0,0,0,0,4,0,0,0,0,0,0,0,0,0,0,0,0,0,0,0,0,0,0,0,0,1,98,2,213,212,41,2024,Sarita,Forest,Present,741148.2449871616,0.18213005869068394,2,4.333333333333333,15.666666666666666,350734.7736663214,5419128.719,350.7347736663214,5419.128719
BMSC27,48.901183,-125.060433,San Jose North Island,2023-05-19,7,unprotected,0,12,0,24,1,1,0,8,0,19,8,0,0,92,0,0,1,97,0,0,24,0,13,10,1,0,0,1,0,0,2,21,0,2,297,0,13,0,5,0,2,0,3,2,2,0,0,0,29,8,1,0,0,0,0,10,1,0,0,0,0,0,1,0,0,0,0,0,0,0,0,4,0,0,0,0,0,0,0,1,0,0,2,0,0,0,0,1,0,0,3,0,0,0,0,0,0,0,0,0,0,0,0,0,0,0,0,0,0,0,0,0,0,0,0,0,0,0,0,0,0,0,0,0,0,0,0,0,0,0,0,0,0,0,0,0,0,0,0,0,0,0,0,0,0,2,0,0,0,0,0,0,0,0,1,0,0,0,0,0,0,0,0,0,0,0,0,0,0,0,0,0,0,0,299,237,0,403,104,55,2023,Sarita,Barren,Absent,779297.9405095462,0.19150497974260383,1.6666666666666667,3.3333333333333335,7.666666666666667,349001.20153125515,5418517.278274573,349.00120153125516,5418.517278274573
BMSC27,48.901183,-125.060433,San Jose North Island,2023-05-19,9,unprotected,0,8,0,8,0,0,0,9,0,6,1,0,0,14,0,0,2,35,0,0,1,0,3,1,4,0,0,1,0,0,0,33,0,0,45,0,0,0,1,0,0,0,0,4,0,0,0,0,1,0,1,0,0,0,0,0,0,7,0,0,0,0,0,0,3,0,0,0,0,0,0,0,0,0,0,0,0,0,0,0,0,0,10,0,0,0,0,0,0,0,0,0,0,0,0,0,0,0,0,0,0,0,0,0,0,0,0,0,0,0,0,0,0,0,0,0,0,0,0,0,0,0,0,0,0,0,0,0,0,0,0,0,0,0,0,0,0,0,0,0,0,0,0,0,0,0,0,0,0,0,0,1,0,0,0,0,0,0,0,0,0,0,0,0,0,0,0,0,0,0,0,0,0,0,49,81,0,71,22,12,2023,Sarita,Barren,Absent,779297.9405095462,0.19150497974260383,1.6666666666666667,3.3333333333333335,7.666666666666667,349001.20153125515,5418517.278274573,349.00120153125516,5418.517278274573
BMSC27,48.901183,-125.060433,San Jose North Island,2024-05-03,8.5,unprotected,0,21,0,20,0,0,0,3,0,4,7,0,0,68,0,0,0,90,1,0,4,0,4,3,4,0,0,0,0,0,9,49,0,0,243,0,0,0,0,0,0,1,11,1,1,0,1,0,136,3,0,0,0,0,0,0,0,12,0,0,0,0,0,0,0,0,0,0,0,0,1,0,0,0,0,0,0,0,0,0,0,0,12,0,0,0,0,1,0,0,8,1,0,0,0,1,0,0,0,0,0,0,0,0,0,0,0,0,0,0,0,0,0,0,0,0,0,0,0,0,0,0,0,0,0,0,0,2,0,0,0,0,0,0,0,0,0,0,0,0,0,0,0,0,0,0,0,0,0,0,0,0,0,2,0,1,0,0,0,0,0,0,0,0,0,0,0,0,0,0,0,0,0,0,244,191,1,337,93,162,2024,Sarita,Barren,Absent,779297.9405095462,0.19150497974260383,1.6666666666666667,3.3333333333333335,7.666666666666667,349001.20153125515,5418517.278274573,349.00120153125516,5418.517278274573
BMSC3,48.85558319,-125.1837997,Ohiat,2021-04-27,5.5,unprotected,0,2,0,25,2,0,0,15,0,13,20,0,0,4,0,0,0,3,0,16,2,0,37,64,0,0,4,0,4,0,3,72,0,0,898,54,0,0,1,0,0,0,0,0,0,0,0,0,0,4,2,0,0,0,0,0,0,0,0,0,0,0,0,0,0,0,0,0,0,0,0,0,0,0,0,0,0,0,0,3,0,0,0,0,0,0,2,0,0,0,0,0,0,0,0,0,0,0,0,0,0,0,0,0,0,0,0,0,0,0,0,0,0,0,0,0,0,0,0,0,0,0,0,0,0,0,0,0,0,0,0,0,0,0,0,0,0,0,0,0,0,0,0,0,0,0,0,0,0,0,0,0,0,0,0,0,0,0,0,0,0,0,0,0,0,0,0,0,0,0,0,0,0,0,952,54,16,1023,71,1,2021,Deer group/Bamfield,Barren,Absent,209022.64141526553,0.051365305397577436,33,89.66666666666667,124.33333333333333,339815.24992260995,5413701.205497482,339.81524992260995,5413.701205497482
BMSC3,48.85558319,-125.1837997,Ohiat,2022-05-05,6.5,unprotected,0,17,0,26,0,0,0,15,0,41,51,0,0,27,0,0,0,0,0,56,24,0,113,40,1,0,9,0,0,0,6,72,0,0,903,9,0,1,1,0,0,0,2,2,0,0,0,0,0,1,3,0,3,0,0,0,0,0,0,0,0,0,5,0,0,0,0,0,0,0,0,0,0,0,0,0,0,0,0,0,0,0,0,0,0,0,4,0,0,0,0,0,0,0,0,0,0,0,0,0,0,0,0,0,0,0,0,0,0,0,0,0,0,0,0,0,0,0,0,0,0,0,0,0,0,0,0,0,1,0,0,0,0,0,0,0,0,0,0,0,0,0,0,0,0,0,0,0,0,0,0,0,0,0,0,0,0,0,0,0,0,0,0,0,0,0,0,0,0,0,0,0,0,0,914,104,56,987,73,5,2022,Deer group/Bamfield,Barren,Absent,209022.64141526553,0.051365305397577436,33,89.66666666666667,124.33333333333333,339815.24992260995,5413701.205497482,339.81524992260995,5413.701205497482
BMSC3,48.85558319,-125.1837997,Ohiat,2023-05-12,7.5,unprotected,0,66,0,27,2,1,0,10,0,26,17,0,0,74,0,1,0,27,0,20,18,0,27,71,4,0,0,0,0,0,18,55,0,0,878,2,3,2,2,0,0,2,7,1,0,0,0,0,19,6,1,0,0,0,0,0,0,1,1,1,0,0,2,0,0,0,0,0,0,1,0,1,0,0,0,0,0,0,0,0,0,0,0,0,0,0,0,0,0,0,0,0,0,0,0,0,0,0,0,2,1,0,0,0,0,0,0,0,0,0,0,0,0,0,0,0,0,0,0,0,0,0,0,0,0,0,0,0,0,0,0,0,0,0,0,0,0,0,0,0,0,0,0,0,0,0,0,0,0,0,0,0,0,0,0,0,0,0,0,0,0,0,0,0,0,0,0,0,0,0,0,0,0,0,881,111,20,1048,167,26,2023,Deer group/Bamfield,Barren,Absent,209022.64141526553,0.051365305397577436,33,89.66666666666667,124.33333333333333,339815.24992260995,5413701.205497482,339.81524992260995,5413.701205497482
BMSC3,48.85558319,-125.1837997,Ohiat,2024-04-29,6,unprotected,0,23,0,38,0,0,0,1,0,15,48,0,0,69,0,0,0,8,0,72,18,0,44,48,3,0,1,0,0,0,21,35,0,0,661,9,1,0,1,0,0,4,11,1,0,0,1,0,41,3,0,0,0,0,6,0,0,3,0,0,0,0,9,0,1,0,0,0,0,2,1,0,0,0,0,0,0,0,0,0,0,0,0,0,0,0,1,0,0,0,0,0,0,0,0,0,0,0,0,0,0,0,0,0,0,0,0,0,1,0,0,0,0,0,0,0,0,0,0,0,0,0,0,0,0,0,0,0,0,0,0,0,0,0,0,0,0,0,0,0,0,0,0,0,0,0,0,0,0,0,0,0,0,1,0,0,0,0,0,0,0,0,0,0,0,0,0,0,0,0,0,0,0,0,671,111,72,816,145,44,2024,Deer group/Bamfield,Barren,Absent,209022.64141526553,0.051365305397577436,33,89.66666666666667,124.33333333333333,339815.24992260995,5413701.205497482,339.81524992260995,5413.701205497482
BMSC4,48.81511688,-125.1753311,Kii xin,2021-04-28,7.5,unprotected,0,5,0,19,4,0,0,6,0,4,1,0,0,0,0,2,0,0,0,0,1,0,9,2,0,0,25,0,0,0,1,0,2,26,365,3,1,1,3,0,0,0,0,0,0,2,0,0,0,0,0,0,0,0,0,0,0,0,0,0,0,0,4,0,0,0,0,0,0,0,0,0,0,0,0,0,0,0,0,0,0,0,0,0,0,0,0,0,0,0,0,0,0,0,0,0,0,0,0,0,0,0,0,0,0,0,0,0,0,0,0,0,0,0,0,0,0,0,0,0,0,0,0,0,0,0,0,0,0,0,0,0,0,0,0,0,0,0,0,0,0,0,0,0,0,0,0,0,0,0,0,0,0,0,0,0,24,1,0,0,0,0,0,0,0,0,0,0,0,0,0,0,0,0,368,8,0,373,5,6,2021,Deer group/Bamfield,Prior understory,Absent,2687962.2736867084,0.6605408971499146,34.333333333333336,48.666666666666664,66.66666666666667,340307.7723739523,5409185.514566664,340.30777237395233,5409.185514566664
BMSC4,48.81511688,-125.1753311,Kii xin,2023-05-12,8.5,unprotected,0,3,0,22,8,0,0,5,0,27,1,0,0,0,0,0,0,0,0,0,11,0,27,16,17,0,2,0,0,0,1,34,1,0,420,0,11,1,1,0,0,2,5,0,0,1,0,0,0,0,0,0,0,0,0,0,0,20,1,0,0,0,7,0,0,0,0,0,0,0,0,0,0,0,0,0,0,0,0,0,0,0,0,0,0,0,0,0,0,37,0,0,0,0,0,0,0,0,0,0,0,0,0,0,0,0,0,0,0,0,0,0,0,0,0,0,0,0,0,0,0,0,0,0,0,0,0,0,0,0,0,0,0,0,0,0,0,0,0,0,0,0,0,0,0,0,0,0,0,0,0,0,0,0,0,0,0,0,0,0,0,0,0,0,0,0,0,0,0,0,0,0,0,0,420,16,0,459,39,4,2023,Deer group/Bamfield,Prior understory,Absent,2687962.2736867084,0.6605408971499146,34.333333333333336,48.666666666666664,66.66666666666667,340307.7723739523,5409185.514566664,340.30777237395233,5409.185514566664
BMSC4,48.81511688,-125.1753311,Kii xin,2024-04-29,8.5,unprotected,0,2,0,48,4,0,0,6,0,10,2,0,0,0,0,0,0,0,0,0,2,0,27,15,16,0,10,0,0,0,6,25,1,0,279,0,5,0,3,0,0,1,1,0,0,5,0,0,15,0,0,0,0,0,0,0,0,0,0,0,0,0,75,0,5,0,0,0,0,5,0,0,0,0,0,0,0,0,0,0,0,0,0,0,0,0,0,0,0,34,0,0,0,0,0,0,0,0,0,0,1,0,0,0,0,0,0,0,0,0,0,1,0,0,0,0,0,0,0,0,0,0,0,0,0,0,0,1,0,0,0,0,0,0,0,0,0,0,0,0,0,0,0,0,0,0,0,0,0,0,0,0,0,0,0,0,0,0,0,0,0,0,0,0,0,0,0,0,0,0,0,0,0,0,279,9,0,301,22,24,2024,Deer group/Bamfield,Prior understory,Absent,2687962.2736867084,0.6605408971499146,34.333333333333336,48.666666666666664,66.66666666666667,340307.7723739523,5409185.514566664,340.30777237395233,5409.185514566664
BMSC5,48.82733154,-125.1966019,Taylor Rock,2021-04-28,6.5,unprotected,0,2,0,16,1,0,0,12,1,11,22,0,0,56,0,1,2,7,0,0,2,0,1,17,0,0,6,0,0,0,7,41,1,2,499,0,1,2,1,0,1,0,0,0,0,0,0,0,15,2,0,0,0,0,0,2,0,0,0,0,0,0,1,1,0,0,0,0,0,0,0,0,0,0,0,0,0,0,0,0,0,0,0,0,0,0,0,1,0,0,0,0,0,0,0,0,0,0,0,0,0,0,0,0,0,0,0,0,0,0,0,0,0,0,0,0,0,0,0,0,0,0,0,0,0,0,0,0,0,0,0,0,0,0,0,0,0,0,0,0,0,0,0,0,0,0,0,0,0,0,0,0,0,0,0,0,0,0,1,0,0,0,0,0,0,0,0,0,0,0,0,0,0,0,499,31,0,580,81,22,2021,Deer group/Bamfield,Barren,Absent,59641.681429146956,0.014656370048194305,0.6666666666666666,1.3333333333333333,3,338785.5673893135,5410588.040545733,338.7855673893135,5410.588040545733
BMSC5,48.82733154,-125.1966019,Taylor Rock,2022-05-04,6,unprotected,0,3,0,15,5,0,0,27,0,26,94,0,0,97,0,4,0,15,1,8,6,0,4,4,2,0,11,0,0,0,12,17,1,0,502,1,1,0,0,0,0,5,0,0,0,0,0,0,3,1,0,0,0,0,0,2,0,0,2,0,0,0,0,0,0,0,0,0,0,0,0,0,0,0,0,0,0,0,0,1,0,0,0,0,0,0,0,0,0,0,0,0,0,0,0,0,0,0,0,0,0,0,0,0,0,0,0,0,0,0,0,0,0,0,0,0,0,0,0,0,0,0,0,0,0,0,0,0,0,0,0,0,0,0,0,0,0,0,0,0,0,0,0,0,0,0,0,0,0,0,0,0,0,0,0,0,0,0,0,0,0,0,0,0,0,0,0,0,0,0,0,0,0,0,503,74,9,625,122,7,2022,Deer group/Bamfield,Barren,Absent,59641.681429146956,0.014656370048194305,0.6666666666666666,1.3333333333333333,3,338785.5673893135,5410588.040545733,338.7855673893135,5410.588040545733
BMSC5,48.82733154,-125.1966019,Taylor Rock,2022-05-04,6.2,unprotected,0,14,0,18,3,0,0,11,3,16,27,0,0,192,0,0,1,18,0,0,4,0,4,13,5,0,3,0,0,0,10,33,5,0,515,0,11,1,0,0,2,4,0,0,1,0,0,0,6,4,0,0,2,0,0,0,0,0,0,0,0,0,0,0,0,0,0,0,0,0,0,0,0,0,0,0,0,0,0,0,0,0,0,0,0,0,0,0,0,0,0,0,0,0,0,0,0,0,0,0,0,0,0,0,0,0,0,0,0,0,0,0,0,0,0,0,0,0,0,0,0,0,0,0,0,0,0,0,0,0,0,0,0,0,0,0,0,0,0,0,0,0,0,0,0,0,0,0,0,0,0,0,0,0,0,0,0,0,0,1,0,0,0,0,0,0,0,0,0,0,0,0,0,0,515,59,0,734,219,11,2022,Deer group/Bamfield,Barren,Absent,59641.681429146956,0.014656370048194305,0.6666666666666666,1.3333333333333333,3,338785.5673893135,5410588.040545733,338.7855673893135,5410.588040545733
BMSC5,48.82733154,-125.1966019,Taylor Rock,2023-05-15,5.5,unprotected,0,4,0,10,1,0,0,13,0,18,1,0,0,14,0,0,2,12,0,0,13,0,35,35,2,0,3,0,0,0,15,48,0,0,853,3,0,0,0,0,0,2,0,1,0,0,0,0,1,2,0,0,0,10,0,0,0,0,1,0,0,0,0,0,0,0,0,0,0,0,0,0,0,0,0,0,0,0,0,0,0,0,0,0,0,0,0,0,0,0,0,0,0,0,0,0,0,0,0,0,0,0,0,0,0,0,0,0,0,0,0,0,0,0,0,0,0,0,0,0,0,0,0,0,0,0,0,0,0,0,0,0,0,0,0,0,0,0,0,0,0,0,0,0,0,0,0,0,0,0,0,0,0,0,0,0,0,0,0,0,0,0,0,0,0,0,0,0,0,0,0,0,0,0,857,52,0,933,76,2,2023,Deer group/Bamfield,Barren,Absent,59641.681429146956,0.014656370048194305,0.6666666666666666,1.3333333333333333,3,338785.5673893135,5410588.040545733,338.7855673893135,5410.588040545733
BMSC5,48.82733154,-125.1966019,Taylor Rock,2023-05-15,8,unprotected,0,2,0,14,0,0,0,2,1,12,19,0,0,168,0,0,34,21,0,0,13,0,18,26,4,0,5,0,0,0,15,32,0,0,412,0,1,1,0,1,0,3,0,0,0,0,0,0,2,0,0,0,0,0,0,2,0,3,0,0,4,0,0,0,0,0,0,0,0,0,0,0,0,0,0,0,0,0,0,0,0,0,0,0,0,0,0,0,0,0,0,0,0,0,0,0,0,0,0,0,0,0,0,0,0,0,0,0,0,0,0,0,0,0,0,0,0,0,0,0,0,0,0,0,0,0,0,0,0,0,0,0,0,0,0,0,0,0,0,0,0,0,0,0,0,0,0,0,0,0,0,0,0,0,0,0,0,0,0,0,0,0,0,0,0,0,0,0,0,0,0,0,0,0,412,58,0,631,219,5,2023,Deer group/Bamfield,Barren,Absent,59641.681429146956,0.014656370048194305,0.6666666666666666,1.3333333333333333,3,338785.5673893135,5410588.040545733,338.7855673893135,5410.588040545733
BMSC5,48.82733154,-125.1966019,Taylor Rock,2024-04-23,6,unprotected,0,4,0,18,2,0,0,5,0,5,39,0,0,133,0,0,8,13,0,0,7,0,26,42,0,0,1,0,0,3,51,26,1,0,506,19,13,0,0,0,0,1,15,3,0,0,0,0,23,2,0,0,0,0,0,1,0,0,0,0,0,0,0,0,0,0,1,0,0,0,0,0,0,1,0,0,0,0,0,0,0,0,0,0,0,0,0,1,0,0,0,0,0,0,0,0,0,0,0,0,0,0,0,0,0,0,0,0,0,0,0,0,0,0,0,0,0,0,0,0,0,0,0,0,0,0,0,0,0,0,0,0,0,0,0,0,0,0,0,0,0,0,0,0,0,0,0,0,0,0,0,0,0,0,0,0,0,0,0,0,1,15,0,0,0,0,0,0,0,0,0,0,0,0,528,44,3,770,242,25,2024,Deer group/Bamfield,Barren,Absent,59641.681429146956,0.014656370048194305,0.6666666666666666,1.3333333333333333,3,338785.5673893135,5410588.040545733,338.7855673893135,5410.588040545733
BMSC5,48.82733154,-125.1966019,Taylor Rock,2024-04-23,6.5,unprotected,0,35,0,24,3,0,0,0,0,5,7,0,0,178,0,0,0,27,0,0,10,0,71,22,3,0,1,0,0,0,26,28,2,0,352,0,0,0,0,0,1,2,9,0,0,0,0,0,43,0,0,0,2,2,0,1,0,2,0,0,0,0,3,0,0,0,0,0,0,0,0,1,0,0,0,0,0,0,0,0,0,0,0,0,0,0,0,0,0,0,0,0,0,0,1,0,0,0,1,0,0,0,0,0,0,0,1,1,0,0,0,0,0,0,0,0,0,0,0,0,0,0,0,0,0,0,0,0,0,0,0,0,0,0,0,0,0,0,0,0,0,0,0,0,0,0,0,0,0,0,0,0,0,0,0,0,0,0,0,0,0,0,0,0,0,0,0,0,0,0,0,0,0,0,352,66,0,584,232,50,2024,Deer group/Bamfield,Barren,Absent,59641.681429146956,0.014656370048194305,0.6666666666666666,1.3333333333333333,3,338785.5673893135,5410588.040545733,338.7855673893135,5410.588040545733
BMSC6,48.95023346,-125.1555481,Baeria Rocks South Island,2021-04-29,7,protected,0,14,0,12,0,1,0,33,0,14,108,0,0,22,0,0,0,6,0,19,1,0,55,20,0,0,0,0,0,0,38,27,0,2,322,10,33,0,0,0,0,3,0,0,0,0,0,0,0,19,0,0,0,0,0,0,0,0,0,0,0,0,0,0,0,0,0,0,0,0,0,0,0,0,5,0,0,0,0,2,0,0,0,0,0,0,11,0,0,0,0,0,0,0,0,0,0,0,0,0,0,0,0,0,0,0,0,0,0,0,0,0,0,0,0,0,0,0,0,0,0,0,0,0,0,0,0,0,0,0,0,0,0,0,0,0,0,0,0,0,0,0,0,0,0,0,0,0,0,0,0,0,0,0,0,0,0,0,0,0,0,0,0,0,0,0,0,0,0,0,0,0,0,0,332,103,24,415,83,0,2021,Deep Imperial Eagle Channel,Barren,Absent,154849.7547389511,0.038052839,0.3333333333333333,2.6666666666666665,3,342185.8287391109,5424162.724662333,342.1858287391109,5424.162724662333
BMSC6,48.95023346,-125.1555481,Baeria Rocks South Island,2022-04-28,6.5,protected,0,14,0,62,0,0,0,13,0,9,50,0,0,141,0,0,0,0,0,0,4,0,9,39,2,0,18,0,0,0,44,2,0,0,660,38,37,1,0,0,0,9,1,2,0,0,0,0,3,2,0,0,0,0,0,0,0,0,6,0,0,0,0,0,0,0,0,0,0,0,0,0,0,0,0,0,0,1,0,0,0,0,0,0,0,0,1,0,0,0,0,0,0,0,0,0,0,0,0,0,0,0,0,0,0,0,0,0,0,0,0,0,0,0,0,0,0,0,0,0,0,0,0,0,0,0,0,0,0,0,0,0,0,0,0,0,0,0,0,0,0,0,0,0,0,0,0,0,0,0,0,0,0,0,0,0,0,0,0,0,0,0,0,0,0,0,0,0,0,0,0,0,0,0,700,20,0,933,233,10,2022,Deep Imperial Eagle Channel,Barren,Absent,154849.7547389511,0.038052839,0.3333333333333333,2.6666666666666665,3,342185.8287391109,5424162.724662333,342.1858287391109,5424.162724662333
BMSC6,48.95023346,-125.1555481,Baeria Rocks South Island,2022-04-28,9,protected,0,13,0,12,1,0,0,5,0,36,137,0,0,8,0,0,0,6,0,0,3,0,66,15,1,0,6,0,0,0,32,53,0,0,456,2,30,0,0,0,0,2,2,0,1,0,0,0,11,2,1,0,0,0,0,0,0,0,1,0,0,0,0,0,0,0,0,0,0,0,0,0,0,0,0,0,0,0,0,0,0,0,0,0,0,0,0,0,0,0,0,0,1,0,0,0,0,0,1,0,0,0,0,0,0,0,0,0,0,0,0,0,0,0,0,0,0,0,0,0,0,0,0,0,0,0,0,0,0,0,0,0,0,0,0,0,0,0,0,0,0,0,0,0,0,0,0,0,0,0,0,0,0,0,0,0,0,0,0,0,0,0,0,0,0,0,0,0,0,0,0,0,0,0,458,23,0,515,57,13,2022,Deep Imperial Eagle Channel,Barren,Absent,154849.7547389511,0.038052839,0.3333333333333333,2.6666666666666665,3,342185.8287391109,5424162.724662333,342.1858287391109,5424.162724662333
BMSC6,48.95023346,-125.1555481,Baeria Rocks South Island,2023-05-17,5.5,protected,0,4,0,22,0,0,0,5,0,14,59,0,0,80,0,0,1,7,0,0,6,0,1,12,6,0,17,0,0,0,65,4,1,0,1177,38,6,0,0,0,0,0,4,1,0,0,0,0,0,6,2,0,0,0,0,0,0,8,0,0,0,0,0,0,2,0,0,0,0,0,0,0,0,0,0,0,0,0,0,1,0,0,0,0,0,0,0,0,0,0,0,0,0,0,0,0,0,0,0,0,0,0,0,0,0,0,0,0,0,0,0,0,0,1,0,0,0,0,0,0,0,0,0,0,0,0,0,0,0,1,0,0,0,0,0,0,0,0,0,0,0,0,0,0,0,0,0,0,0,0,0,0,0,0,0,0,0,0,0,0,0,0,1,0,0,0,0,0,0,0,0,0,0,0,1216,37,0,1381,165,0,2023,Deep Imperial Eagle Channel,Barren,Absent,154849.7547389511,0.038052839,0.3333333333333333,2.6666666666666665,3,342185.8287391109,5424162.724662333,342.1858287391109,5424.162724662333
BMSC6,48.95023346,-125.1555481,Baeria Rocks South Island,2023-05-17,10,protected,0,13,0,12,0,0,0,21,0,75,178,0,0,3,0,0,0,10,2,1,11,0,10,18,4,0,3,0,0,3,36,24,0,0,426,8,0,0,0,0,0,0,6,0,0,0,0,0,1,18,1,0,0,2,0,0,0,13,0,0,0,0,0,0,1,0,0,0,0,0,0,0,0,0,0,0,0,0,0,1,0,0,0,0,1,0,0,0,0,0,0,0,0,0,0,0,0,0,0,0,0,0,0,0,0,0,0,0,0,0,0,0,0,1,0,0,0,0,0,0,0,0,0,0,0,0,0,0,0,0,0,0,0,0,0,0,0,0,0,0,0,0,0,0,0,0,0,0,0,0,0,0,0,0,0,0,0,0,0,0,0,0,0,0,0,0,0,0,0,0,0,0,0,0,434,80,6,506,72,1,2023,Deep Imperial Eagle Channel,Barren,Absent,154849.7547389511,0.038052839,0.3333333333333333,2.6666666666666665,3,342185.8287391109,5424162.724662333,342.1858287391109,5424.162724662333
BMSC6,48.95023346,-125.1555481,Baeria Rocks South Island,2024-04-22,8,protected,0,16,0,10,0,0,0,3,0,18,216,0,0,99,0,0,0,5,1,1,1,0,124,10,1,0,2,0,0,3,43,24,0,0,635,3,21,0,0,0,0,0,0,2,0,0,0,0,3,4,2,0,0,0,0,0,0,0,0,0,0,0,0,1,0,0,0,0,0,0,0,0,0,0,0,0,0,0,0,0,0,0,0,0,0,0,0,0,0,0,0,0,0,0,0,0,0,0,0,0,0,0,0,0,0,0,0,0,0,0,0,0,0,0,0,0,0,0,0,0,0,0,0,0,0,0,0,0,0,0,0,0,0,0,0,0,0,0,0,0,0,0,0,0,0,0,0,0,0,0,0,0,0,0,0,0,0,0,0,0,0,0,0,0,0,0,0,0,0,0,0,0,0,0,640,25,5,792,152,3,2024,Deep Imperial Eagle Channel,Barren,Absent,154849.7547389511,0.038052839,0.3333333333333333,2.6666666666666665,3,342185.8287391109,5424162.724662333,342.1858287391109,5424.162724662333
BMSC6,48.95023346,-125.1555481,Baeria Rocks South Island,2024-04-22,11,protected,0,3,0,2,0,0,0,2,0,19,122,0,0,3,0,0,0,19,1,0,5,0,23,32,1,0,0,0,0,8,37,28,0,0,360,2,4,0,0,0,0,2,6,0,0,0,0,0,3,14,2,0,0,0,0,0,0,10,0,0,0,0,0,0,7,0,0,0,0,0,0,0,0,0,0,0,0,0,0,1,0,0,0,0,2,1,1,0,0,0,0,0,0,0,0,0,0,0,0,0,0,0,5,0,0,0,0,0,0,0,0,0,0,1,0,0,0,0,0,0,0,0,0,0,0,0,0,0,0,0,0,0,0,0,0,0,0,0,0,0,0,0,0,0,0,0,0,0,0,0,0,0,0,0,0,0,0,0,0,0,0,0,0,1,1,1,1,0,0,0,0,0,0,0,362,76,9,447,85,4,2024,Deep Imperial Eagle Channel,Barren,Absent,154849.7547389511,0.038052839,0.3333333333333333,2.6666666666666665,3,342185.8287391109,5424162.724662333,342.1858287391109,5424.162724662333
BMSC7,48.954644,-125.153993,Baeria Rocks North Island Southside,2021-04-29,5,protected,0,1,0,10,0,0,0,12,0,19,38,0,0,36,0,1,1,2,0,0,4,0,10,141,0,0,2,0,0,0,16,0,0,1,355,15,18,0,0,0,0,0,0,0,0,0,0,0,2,0,0,0,0,0,0,0,0,0,0,0,0,0,0,0,0,0,0,0,0,0,0,0,0,0,0,0,0,0,0,0,0,0,0,0,0,0,1,0,0,0,0,0,0,0,0,0,0,0,0,0,0,0,0,0,10,0,0,1,0,0,0,0,0,0,0,0,0,0,0,0,0,0,0,0,0,0,0,0,0,0,0,0,0,0,0,0,1,0,0,0,0,0,0,0,0,0,0,0,0,0,0,0,0,0,0,0,0,0,0,0,0,0,0,0,0,0,0,0,0,0,0,0,0,0,370,23,0,574,204,2,2021,Deep Imperial Eagle Channel,Barren,Absent,2687355.3408749434,0.6603917492441135,0.3333333333333333,2.6666666666666665,3,342313.5811673646,5424649.741667815,342.3135811673646,5424.649741667815
BMSC8,48.95508194,-125.1533737,Baeria Rocks North Island Northside,2021-04-29,9,protected,0,1,0,3,0,1,0,5,0,32,96,0,0,71,0,0,0,11,0,0,3,0,27,48,0,0,0,0,0,0,14,7,0,0,705,0,22,0,0,0,0,0,0,0,0,0,0,0,0,3,0,0,0,0,0,0,0,3,0,0,0,0,0,0,0,0,0,0,0,0,0,0,0,0,0,0,0,0,0,0,0,0,0,0,0,0,0,0,0,0,0,0,0,0,0,0,0,0,0,0,0,0,0,0,1,0,0,0,0,0,0,0,0,0,0,0,0,0,0,0,0,0,0,0,0,0,0,0,2,0,0,0,0,0,0,0,0,0,0,0,0,0,0,0,0,0,0,0,0,0,0,0,0,0,0,0,0,0,0,0,0,0,0,0,0,0,0,0,0,0,0,0,0,0,705,36,0,842,137,0,2021,Deep Imperial Eagle Channel,Barren,Absent,115491.84244282765,0.028381010391209643,0.3333333333333333,2.6666666666666665,3,342360.29552569037,5424697.134509596,342.3602955256904,5424.697134509596
BMSC8,48.95508194,-125.1533737,Baeria Rocks North Island Northside,2022-04-28,6,protected,0,2,0,13,0,0,0,7,0,47,71,0,0,85,0,0,0,0,0,0,2,0,11,24,0,0,10,0,0,0,6,13,0,0,518,3,12,0,0,0,0,0,0,1,0,0,0,0,3,1,0,0,0,0,0,0,0,0,0,0,0,0,0,0,0,0,0,0,0,0,0,0,0,0,0,0,0,1,0,0,0,0,0,0,0,0,0,0,0,0,0,0,0,0,0,0,0,0,2,0,0,0,0,0,0,0,0,0,0,0,0,0,0,0,0,0,0,0,0,0,0,0,0,0,0,0,0,0,0,0,0,0,0,0,0,0,0,0,0,0,0,0,0,0,0,0,0,0,0,0,0,0,0,0,0,0,0,0,0,0,0,0,0,0,0,0,0,0,0,0,0,0,0,0,522,10,0,637,115,5,2022,Deep Imperial Eagle Channel,Barren,Absent,115491.84244282765,0.028381010391209643,0.3333333333333333,2.6666666666666665,3,342360.29552569037,5424697.134509596,342.3602955256904,5424.697134509596
BMSC8,48.95508194,-125.1533737,Baeria Rocks North Island Northside,2023-05-17,7.5,protected,0,0,0,2,0,0,0,4,0,26,207,0,0,39,0,0,0,8,1,0,9,0,9,13,0,0,1,0,0,0,49,11,1,0,451,0,13,0,0,0,0,0,0,1,1,0,0,0,1,1,0,0,0,0,0,0,0,4,0,0,0,0,0,0,0,0,0,0,0,0,0,0,0,0,0,0,0,2,0,0,0,0,0,0,0,0,0,1,0,0,0,0,0,0,0,0,0,0,1,0,0,0,0,0,0,0,0,0,0,0,0,0,0,0,0,0,0,0,0,0,0,0,0,0,0,0,0,0,0,0,0,0,0,0,0,0,0,0,0,0,0,0,0,0,0,0,0,0,0,0,0,0,0,0,0,0,0,0,0,0,0,0,0,0,0,0,0,0,0,0,0,0,0,0,452,31,1,557,105,2,2023,Deep Imperial Eagle Channel,Barren,Absent,115491.84244282765,0.028381010391209643,0.3333333333333333,2.6666666666666665,3,342360.29552569037,5424697.134509596,342.3602955256904,5424.697134509596
BMSC8,48.95508194,-125.1533737,Baeria Rocks North Island Northside,2023-05-17,9,protected,0,0,0,5,1,0,1,10,0,34,122,0,0,100,0,0,0,10,0,0,23,0,13,23,1,0,0,0,0,0,49,7,0,0,601,7,1,0,0,0,0,1,2,0,0,0,0,0,0,4,2,0,1,2,0,0,0,46,0,0,0,0,0,0,1,0,0,0,0,0,0,0,0,0,0,0,0,0,0,0,0,0,0,0,0,0,0,1,0,0,0,0,0,0,0,0,0,0,1,0,0,0,0,0,0,0,0,0,0,0,0,0,0,0,0,0,0,0,0,0,0,0,0,0,0,0,0,0,0,0,0,0,0,0,0,0,0,0,0,0,0,0,0,0,0,0,0,0,0,0,0,0,0,0,0,0,0,0,0,0,0,0,0,0,0,0,1,185,0,0,0,0,0,0,608,60,0,1014,406,2,2023,Deep Imperial Eagle Channel,Barren,Absent,115491.84244282765,0.028381010391209643,0.3333333333333333,2.6666666666666665,3,342360.29552569037,5424697.134509596,342.3602955256904,5424.697134509596
BMSC8,48.95508194,-125.1533737,Baeria Rocks North Island Northside,2024-04-22,7.5,protected,0,0,0,11,0,0,0,2,0,62,268,0,0,362,0,0,0,4,0,0,11,0,3,16,0,0,1,0,0,0,29,10,0,0,482,2,79,0,0,0,0,1,0,1,0,0,0,0,7,0,0,0,0,0,0,0,0,0,0,0,0,0,0,0,2,0,0,0,0,0,0,0,0,0,0,0,0,0,0,0,0,0,0,0,0,0,0,0,0,0,0,0,0,0,0,0,0,0,2,0,0,0,0,0,0,0,0,0,0,0,0,0,0,0,0,0,0,0,0,0,0,0,0,0,0,0,0,0,0,0,0,0,0,0,0,0,0,0,0,0,0,0,0,0,0,0,0,0,0,0,0,0,0,0,0,0,0,0,0,0,0,0,0,0,0,0,0,0,0,0,0,0,0,0,485,21,0,893,408,9,2024,Deep Imperial Eagle Channel,Barren,Absent,115491.84244282765,0.028381010391209643,0.3333333333333333,2.6666666666666665,3,342360.29552569037,5424697.134509596,342.3602955256904,5424.697134509596
BMSC8,48.95508194,-125.1533737,Baeria Rocks North Island Northside,2024-04-22,8.5,protected,0,3,0,6,0,0,0,4,1,28,76,0,0,152,0,0,0,0,0,0,4,0,13,45,0,0,92,0,0,0,32,8,0,0,467,1,1,0,0,0,0,1,0,1,0,0,0,0,3,0,1,0,0,3,0,0,0,51,0,0,0,0,1,0,2,0,0,0,0,0,0,0,0,0,0,0,0,0,0,1,0,1,0,0,0,0,0,0,0,0,0,0,0,0,0,0,0,0,0,0,0,0,3,0,0,0,0,0,0,0,0,0,0,0,0,0,0,0,0,0,0,0,0,0,0,0,0,0,0,0,0,0,0,0,0,0,0,0,0,0,0,0,0,0,0,0,0,0,0,0,0,0,0,0,0,0,0,0,0,0,0,0,0,1,0,0,1,0,0,0,0,0,0,0,469,11,0,754,285,3,2024,Deep Imperial Eagle Channel,Barren,Absent,115491.84244282765,0.028381010391209643,0.3333333333333333,2.6666666666666665,3,342360.29552569037,5424697.134509596,342.3602955256904,5424.697134509596
BMSC9,48.83478928,-125.1470261,Eagle Bay,2021-04-30,6,unprotected,0,37,0,13,4,1,0,9,0,1,34,0,0,1,0,1,0,34,2,39,0,0,37,18,0,0,1,0,0,0,56,26,2,15,233,0,1,0,7,0,0,9,2,0,0,0,0,0,0,0,0,0,1,0,0,0,0,0,1,0,0,0,0,0,0,0,0,0,0,0,0,1,0,0,0,0,0,0,0,4,1,0,0,0,0,1,0,0,0,0,0,0,0,0,0,0,0,0,0,0,0,0,0,0,0,0,0,0,0,0,0,0,0,0,0,0,0,0,0,0,0,0,0,0,0,0,1,0,0,0,0,0,0,0,0,0,0,0,0,0,0,0,0,0,0,0,0,0,0,0,0,0,0,0,0,0,0,0,0,0,0,0,0,0,0,0,0,0,1,0,0,0,0,0,233,126,43,318,85,11,2021,Deer group/Bamfield,Barren,Absent,2050108.448655775,0.5037944494929097,76.33333333333333,103.33333333333333,117,342447.2326435246,5411313.1219742345,342.4472326435246,5411.3131219742345
BMSC9,48.83478928,-125.1470261,Eagle Bay,2022-05-02,6.5,unprotected,0,18,0,8,7,1,0,18,0,1,74,0,1,1,0,0,0,50,3,20,5,0,43,37,16,0,3,0,0,1,29,49,0,0,263,2,7,3,3,0,2,24,10,0,0,0,0,0,0,0,1,0,0,0,0,1,0,0,0,0,0,0,0,1,0,0,0,0,0,0,0,6,0,0,0,0,0,0,0,0,0,0,0,0,0,0,0,0,0,0,0,0,0,0,0,0,0,0,0,0,0,0,0,0,0,0,0,0,0,0,1,0,0,0,0,0,0,0,0,0,0,0,0,0,0,0,0,0,0,0,0,0,0,0,0,0,0,0,0,0,0,0,0,0,0,0,0,0,0,0,0,0,0,0,0,0,0,0,0,0,0,0,0,0,0,0,0,0,0,0,0,0,0,0,265,150,24,356,91,15,2022,Deer group/Bamfield,Barren,Absent,2050108.448655775,0.5037944494929097,76.33333333333333,103.33333333333333,117,342447.2326435246,5411313.1219742345,342.4472326435246,5411.3131219742345
BMSC9,48.83478928,-125.1470261,Eagle Bay,2023-05-11,6,unprotected,0,50,0,20,7,1,0,16,0,4,71,0,0,0,0,0,0,55,9,93,7,0,62,67,23,0,2,1,0,1,45,15,0,0,291,3,1,2,5,0,2,43,8,2,0,0,0,0,0,0,1,0,0,0,0,1,0,1,1,2,0,0,0,0,0,0,0,1,0,0,0,5,0,0,0,0,0,0,0,8,1,0,0,0,0,0,0,0,0,0,0,1,0,0,0,0,0,0,0,0,0,0,0,0,0,0,0,0,0,0,0,0,0,0,0,0,0,0,0,0,0,0,0,0,0,0,0,0,0,0,0,0,0,0,0,0,0,0,0,0,0,0,0,0,0,0,0,0,0,0,0,0,0,0,0,0,0,0,0,0,0,0,0,0,0,0,0,0,0,0,0,0,0,0,296,247,104,452,156,18,2023,Deer group/Bamfield,Barren,Absent,2050108.448655775,0.5037944494929097,76.33333333333333,103.33333333333333,117,342447.2326435246,5411313.1219742345,342.4472326435246,5411.3131219742345
BMSC9,48.83478928,-125.1470261,Eagle Bay,2024-04-23,6.5,unprotected,0,21,0,12,2,0,0,8,0,3,43,0,0,1,0,0,0,60,0,5,12,0,24,82,9,0,5,0,0,1,81,16,1,0,201,2,0,3,2,0,0,24,8,0,0,0,0,0,3,0,1,0,0,11,0,0,0,10,2,0,0,0,4,0,1,0,0,0,0,0,0,5,0,0,0,0,0,0,0,1,0,0,0,0,0,1,0,0,0,0,0,0,0,0,0,0,0,0,0,0,0,0,1,0,0,0,0,0,0,0,0,1,0,0,0,1,0,0,0,0,0,0,0,0,0,0,0,0,0,0,0,0,0,0,0,0,0,0,0,0,0,0,0,0,0,0,0,0,0,0,0,0,0,0,0,0,0,0,0,0,0,0,0,0,0,0,0,0,0,1,0,0,0,0,203,149,6,412,209,17,2024,Deer group/Bamfield,Barren,Absent,2050108.448655775,0.5037944494929097,76.33333333333333,103.33333333333333,117,342447.2326435246,5411313.1219742345,342.4472326435246,5411.3131219742345